rvr_address,rvr_name,evo5_prior_name,decision
0001401f,sat_add_s16,sat_add_s16,ALREADY_CORRECT
00014036,sat_sub_u16,sat_sub_u16,ALREADY_CORRECT
00014045,sat_sub_u16_clamp0,sat_sub_u16_clamp0,ALREADY_CORRECT
0001405c,sat_mul_u16,sat_mul_u16,ALREADY_CORRECT
0001406f,mul_u16_hi,mul_u16_hi,ALREADY_CORRECT
000140c0,div_u16_sat,div_u16_sat,ALREADY_CORRECT
0001436c,mul_u16_shr8_sat,mul_u16_shr8_sat,ALREADY_CORRECT
0001442d,clamp_u8,clamp_u8,ALREADY_CORRECT
0001443c,passthrough_or_sat,passthrough_or_sat,ALREADY_CORRECT
000144b4,get_high_byte,get_high_byte,ALREADY_CORRECT
000144bf,identity_passthrough_u16,identity_passthrough_u16,ALREADY_CORRECT
000144c6,shift_left_byte_to_high,shift_left_byte_to_high,ALREADY_CORRECT
000144d1,identity_passthrough_arg1,identity_passthrough_arg1,ALREADY_CORRECT
000144da,round_high_byte_signed,round_high_byte_signed,ALREADY_CORRECT
000144ef,inc_if_signed_flag,inc_if_signed_flag,ALREADY_CORRECT
0001450b,swap_invert_high_byte,swap_invert_high_byte,ALREADY_CORRECT
0001451a,zero_ram_range,zero_ram_range,ALREADY_CORRECT
0001481c,read_indexed_byte_f1fc,read_indexed_byte_f1fc,ALREADY_CORRECT
00014880,table_read_indexed,table_read_indexed,ALREADY_CORRECT
0001517c,entry,entry,ALREADY_CORRECT
0001519e,stub_empty_0x1519e,stub_empty_0x1519e,ALREADY_CORRECT
00015319,update_flag_f9a0_bit6_cond,update_flag_f9a0_bit6_cond,ALREADY_CORRECT
0001553d,check_flag_fe96_bit7_clear,check_flag_fe96_bit7_clear,ALREADY_CORRECT
00015561,check_flag_fe8a_bit1_set,check_flag_fe8a_bit1_set,ALREADY_CORRECT
0001566c,adc_channel_read_and_store_f16e,adc_channel_read_and_store_f16e,ALREADY_CORRECT
00015689,adc_read_sequence_b,adc_read_sequence_b,ALREADY_CORRECT
000156ad,adc_read_channel_6,adc_read_channel_6,ALREADY_CORRECT
000156c2,zero_var_f15a,zero_var_f15a,ALREADY_CORRECT
000156c8,identity_passthrough_u16_b,identity_passthrough_u16_b,ALREADY_CORRECT
00015857,update_flag_fe97_bit2_cond,update_flag_fe97_bit2_cond,ALREADY_CORRECT
00015877,update_flag_fe82_bit2_cond,update_flag_fe82_bit2_cond,ALREADY_CORRECT
00015897,toggle_flag_fe8b_bit4,toggle_flag_fe8b_bit4,ALREADY_CORRECT
0001589d,clear_flag_fe93_bit4,clear_flag_fe93_bit4,ALREADY_CORRECT
00015aff,init_reg_feb8_feb9,init_reg_feb8_feb9,ALREADY_CORRECT
00015b90,init_flags_ff51_52,init_flags_ff51_52,ALREADY_CORRECT
00015caa,isr_sci1_eri,isr_sci1_eri,ALREADY_CORRECT
00015dd0,timer_ff41_ff44_ff4a_cold_init,timer_ff41_ff44_ff4a_cold_init,ALREADY_CORRECT
00015e01,timer_ff41_ff42_warm_init,timer_ff41_ff42_warm_init,ALREADY_CORRECT
00015fc8,isr_sci3_rxi,isr_sci3_rxi,ALREADY_CORRECT
00016059,peripheral_block_ff15_cold_init,peripheral_block_ff15_cold_init,ALREADY_CORRECT
0001609d,peripheral_block_ff15_warm_init,peripheral_block_ff15_warm_init,ALREADY_CORRECT
00016102,peripheral_reg_ff1d_cold_init,peripheral_reg_ff1d_cold_init,ALREADY_CORRECT
00016110,latch_flag_read_fede_bit1,latch_flag_read_fede_bit1,ALREADY_CORRECT
000161ba,peripheral_block_ff90_cold_init,peripheral_block_ff90_cold_init,ALREADY_CORRECT
0001626c,peripheral_block_ff21_warm_init,peripheral_block_ff21_warm_init,ALREADY_CORRECT
000163cc,isr_adi_adc,isr_adi_adc,ALREADY_CORRECT
0001643a,timer_ff51_ff54_arm_init,timer_ff51_ff54_arm_init,ALREADY_CORRECT
0001645e,timer_ff51_ff52_disarm,timer_ff51_ff52_disarm,ALREADY_CORRECT
0001646c,init_state_block_ff54,init_state_block_ff54,ALREADY_CORRECT
000173c0,ign_advance_f0e6_bit7_update,ign_advance_f0e6_bit7_update,ALREADY_CORRECT
000174a1,engine_mode_f20e_f510_check,engine_mode_f20e_f510_check,ALREADY_CORRECT
000174c0,isc_f0e6_bit0_update,isc_f0e6_bit0_update,ALREADY_CORRECT
00018600,egr_f0e6_bit1_update,egr_f0e6_bit1_update,ALREADY_CORRECT
00018628,egr_activity_condition_check,egr_activity_condition_check,ALREADY_CORRECT
000187a0,egr_mode_dispatch,egr_mode_dispatch,ALREADY_CORRECT
00018db0,purge_f0e6_bit2_update,purge_f0e6_bit2_update,ALREADY_CORRECT
00018e70,ign_advance_top_update,ign_advance_top_update,ALREADY_CORRECT
00020000,flash_boot_init,flash_boot_init,ALREADY_CORRECT
00020024,boot_ram_block_copy,boot_ram_block_copy,ALREADY_CORRECT
00020048,boot_sci1_init,boot_sci1_init,ALREADY_CORRECT
000201c0,sci1_boot_security_seed_check,sci1_boot_security_seed_check,ALREADY_CORRECT
000202b2,sci1_boot_checksum_accumulate,sci1_boot_checksum_accumulate,ALREADY_CORRECT
00020379,sci1_tx_byte_blocking,sci1_tx_byte_blocking,ALREADY_CORRECT
00020388,sci1_boot_tx_then_rx_transaction,sci1_boot_tx_then_rx_transaction,ALREADY_CORRECT
0002038d,sci1_rx_byte_wait_loop,sci1_rx_byte_wait_loop,ALREADY_CORRECT
00020398,sci1_boot_rx_byte_enqueue,sci1_boot_rx_byte_enqueue,ALREADY_CORRECT
0002039f,sci1_boot_rxbuf_write,sci1_boot_rxbuf_write,ALREADY_CORRECT
00020646,sci1_boot_build_eof_frame,sci1_boot_build_eof_frame,ALREADY_CORRECT
00020b00,cold_init_dispatch,cold_init_dispatch,ALREADY_CORRECT
00020d80,peripheral_cold_init_wrapper_set_ef7a,peripheral_cold_init_wrapper_set_ef7a,ALREADY_CORRECT
00020e00,init_ee82_ee8a_from_rom_const,init_ee82_ee8a_from_rom_const,ALREADY_CORRECT
00020fe5,periodic_status_compose_and_stall_check,periodic_status_compose_and_stall_check,ALREADY_CORRECT
00026100,isc_stepper_position_reinit,isc_stepper_position_reinit,ALREADY_CORRECT
00026224,isc_f436_source_select_and_reset,FUN_00026224,HASH_MISMATCH_NOT_APPLIED
