rvr_address,rvr_name,evo5_address,evo5_prior_name,similarity,rvr_instr_count,evo5_instr_count,decision
0001401f,sat_add_s16,0001401f,sat_add_s16,1.0,10,10,SKIPPED_TOO_SHORT
00014036,sat_sub_u16,00014036,sat_sub_u16,1.0,7,7,SKIPPED_TOO_SHORT
00014045,sat_sub_u16_clamp0,00014045,sat_sub_u16_clamp0,1.0,10,10,SKIPPED_TOO_SHORT
0001405c,sat_mul_u16,0001405c,sat_mul_u16,1.0,9,9,SKIPPED_TOO_SHORT
0001406f,mul_u16_hi,0001406f,mul_u16_hi,1.0,5,5,SKIPPED_TOO_SHORT
00014079,mul_u16_x2_or_sum_check_overflow,000141dc,muldiv_u16_scaled,0.5,34,26,SKIPPED_LOW_SIMILARITY
000140c0,div_u16_sat,000140c0,div_u16_sat,1.0,14,14,SKIPPED_TOO_SHORT
000140dc,div_u32_u16_sat,000140dc,div_u32_u16_sat,1.0,16,16,ALREADY_CORRECT
000140fc,div_u16_sat2,0001417d,div_u32_u16_rounded,0.8846,23,29,SKIPPED_LOW_SIMILARITY
0001412b,div_u16_rounded,0001412b,div_u16_rounded,1.0,19,19,ALREADY_CORRECT
00014151,div_s32_s16_rounded,00014151,div_s32_s16_rounded,1.0,22,22,ALREADY_CORRECT
0001417d,div_u32_u16_rounded,0001417d,div_u32_u16_rounded,1.0,29,29,ALREADY_CORRECT
000141ba,muldiv_u16,000141ba,muldiv_u16,1.0,17,17,ALREADY_CORRECT
000141dc,muldiv_u16_scaled,000141dc,muldiv_u16_scaled,1.0,26,26,ALREADY_CORRECT
00014219,muldiv_s16_rounded,00014219,muldiv_s16_rounded,1.0,23,23,ALREADY_CORRECT
00014247,muldiv_s16_rounded_3op,00014247,muldiv_s16_rounded_3op,1.0,32,32,ALREADY_CORRECT
00014293,mul_u16_x2_sat_alt,00014293,mul_u16_x2_sat_alt,1.0,16,16,ALREADY_CORRECT
000142b4,mul_u16_sat_s16,000142b4,mul_u16_sat_s16,1.0,29,29,ALREADY_CORRECT
000142f3,mul_u16_x2_sat,000142f3,mul_u16_x2_sat,1.0,21,21,ALREADY_CORRECT
0001431f,mul_u16_dbl_sat,000142b4,mul_u16_sat_s16,0.9063,35,29,SKIPPED_LOW_SIMILARITY
0001436c,mul_u16_shr8_sat,0001436c,mul_u16_shr8_sat,1.0,13,13,SKIPPED_TOO_SHORT
00014387,muldiv_u16_shr8_sat,00014387,muldiv_u16_shr8_sat,1.0,25,25,ALREADY_CORRECT
000143bf,mul_fixedpoint_8,000143bf,mul_fixedpoint_8,1.0,20,20,ALREADY_CORRECT
000143e8,mul_u16_shr8_sat2,00014387,muldiv_u16_shr8_sat,0.8929,31,25,SKIPPED_LOW_SIMILARITY
0001442d,clamp_u8,0001442d,clamp_u8,1.0,7,7,SKIPPED_TOO_SHORT
0001443c,passthrough_or_sat,0001443c,passthrough_or_sat,1.0,8,8,SKIPPED_TOO_SHORT
0001444c,clamp_u16,0001444c,clamp_u16,1.0,19,19,ALREADY_CORRECT
00014471,select_min_xy_triple,00014471,select_min_xy_triple,1.0,34,34,ALREADY_CORRECT
000144b4,get_high_byte,000144b4,get_high_byte,1.0,6,6,SKIPPED_TOO_SHORT
000144bf,identity_passthrough_u16,000144bf,identity_passthrough_u16,1.0,4,4,SKIPPED_TOO_SHORT
000144c6,shift_left_byte_to_high,000144c6,shift_left_byte_to_high,1.0,6,6,SKIPPED_TOO_SHORT
000144d1,identity_passthrough_arg1,000144d1,identity_passthrough_arg1,1.0,5,5,SKIPPED_TOO_SHORT
000144da,round_high_byte_signed,000144da,round_high_byte_signed,1.0,11,11,SKIPPED_TOO_SHORT
000144ef,inc_if_signed_flag,000144ef,inc_if_signed_flag,1.0,9,9,SKIPPED_TOO_SHORT
00014502,swap_bytes_u16,000144b4,get_high_byte,0.9091,5,6,SKIPPED_TOO_SHORT
0001450b,swap_invert_high_byte,0001450b,swap_invert_high_byte,1.0,8,8,SKIPPED_TOO_SHORT
0001451a,zero_ram_range,0001451a,zero_ram_range,1.0,10,10,SKIPPED_TOO_SHORT
0001452d,decrement_counters_in_range,0001452d,decrement_counters_in_range,1.0,15,15,ALREADY_CORRECT
0001454c,increment_counters_in_range,0001454c,increment_counters_in_range,1.0,15,15,ALREADY_CORRECT
0001456d,axis_interp_lerp_u8frac_256,0001456d,axis_interp_lerp_u8frac_256,1.0,20,20,ALREADY_CORRECT
00014599,weighted_blend_u8frac,00014599,weighted_blend_u8frac,1.0,19,19,ALREADY_CORRECT
000145c5,weighted_blend_4term_u8frac,000145c5,weighted_blend_4term_u8frac,1.0,31,31,ALREADY_CORRECT
0001460d,weighted_blend_2term_u8frac_div255,000145c5,weighted_blend_4term_u8frac,0.8667,29,31,SKIPPED_LOW_SIMILARITY
00014656,table_lookup_interp,00014656,table_lookup_interp,1.0,99,99,ALREADY_CORRECT
00014735,axis_lookup_interp,00014735,axis_lookup_interp,1.0,66,66,ALREADY_CORRECT
000147c6,axis_interp_lerp_u8frac,000147c6,axis_interp_lerp_u8frac,1.0,39,39,ALREADY_CORRECT
0001481c,read_indexed_byte_f1fc,0001481c,read_indexed_byte_f1fc,1.0,12,12,SKIPPED_TOO_SHORT
00014838,table_read_word_indexed_f1fc,00014880,table_read_indexed,0.9231,12,14,SKIPPED_TOO_SHORT
00014854,table_lookup_indexed,00014854,table_lookup_indexed,1.0,18,18,ALREADY_CORRECT
00014880,table_read_indexed,00014880,table_read_indexed,1.0,14,14,SKIPPED_TOO_SHORT
000148a2,table_3axis_interp_triple,000148a2,FUN_000148a2,0.9733,96,91,APPLIED
0001497b,table_3axis_interp_triple_wrapper,00014854,table_lookup_indexed,1.0,18,18,SKIPPED_ALREADY_NAMED
000149a7,gear_indexed_table_lookup_f1fc,00014880,table_read_indexed,1.0,14,14,SKIPPED_TOO_SHORT
000149c8,init_copy_const_block_via_memcpy_banked,000149c8,FUN_000149c8,0.8571,16,12,SKIPPED_LOW_SIMILARITY
000149f5,eeprom_backup_table_write_dispatch,000149f5,eeprom_backup_table_write_dispatch,1.0,339,339,ALREADY_CORRECT
00014d6f,channel_validity_gated_handler_dispatch,00014d6f,channel_validity_gated_handler_dispatch,1.0,42,42,ALREADY_CORRECT
00014dd8,adc_backup_snapshot_write_if_time_elapsed,00014dd8,adc_backup_snapshot_write_if_time_elapsed,1.0,103,103,ALREADY_CORRECT
00014edd,channel_periodic_update_ringbuf_snapshot,00014edd,channel_periodic_update_ringbuf_snapshot,1.0,142,142,ALREADY_CORRECT
0001504b,adc_5channel_backup_snapshot_write,0001504b,adc_5channel_backup_snapshot_write,1.0,116,116,ALREADY_CORRECT
0001517c,entry,0001517c,entry,1.0,11,11,SKIPPED_TOO_SHORT
0001519e,stub_empty_0x1519e,0001519e,stub_empty_0x1519e,1.0,1,1,SKIPPED_TOO_SHORT
000151a0,noop_return,0001519e,stub_empty_0x1519e,1.0,1,1,SKIPPED_TOO_SHORT
000151a2,peripheral_register_cold_init,000151a2,FUN_000151a2,0.9667,62,58,SKIPPED_LOW_SIMILARITY
0001528c,peripheral_register_warm_init,0001528c,peripheral_register_warm_init,1.0,35,35,ALREADY_CORRECT
00015319,update_flag_f9a0_bit6_cond,00015319,update_flag_f9a0_bit6_cond,1.0,13,13,SKIPPED_TOO_SHORT
00015341,compose_status_words_f0f6_fc,00015341,compose_status_words_f0f6_fc,1.0,127,127,ALREADY_CORRECT
00015477,compose_status_word_f102,00015477,compose_status_word_f102,1.0,82,82,ALREADY_CORRECT
0001553d,check_flag_fe96_bit7_clear,0001553d,check_flag_fe96_bit7_clear,1.0,5,5,SKIPPED_TOO_SHORT
00015549,check_flag_f0d8_bit0_clear,0001553d,check_flag_fe96_bit7_clear,1.0,5,5,SKIPPED_TOO_SHORT
00015555,check_flag_fe87_bit1_clear,0001553d,check_flag_fe96_bit7_clear,1.0,5,5,SKIPPED_TOO_SHORT
00015561,check_flag_fe8a_bit1_set,00015561,check_flag_fe8a_bit1_set,1.0,5,5,SKIPPED_TOO_SHORT
0001556d,adc_read_sequence_main,0001556d,adc_read_sequence_main,1.0,87,87,ALREADY_CORRECT
0001566c,adc_channel_read_and_store_f16e,0001566c,adc_channel_read_and_store_f16e,1.0,12,12,SKIPPED_TOO_SHORT
00015689,adc_read_sequence_b,00015689,adc_read_sequence_b,1.0,13,13,SKIPPED_TOO_SHORT
000156ad,adc_read_channel_6,000156ad,adc_read_channel_6,1.0,8,8,SKIPPED_TOO_SHORT
000156c2,zero_var_f15a,000156c2,zero_var_f15a,1.0,2,2,SKIPPED_TOO_SHORT
000156c8,identity_passthrough_u16_b,000156c8,identity_passthrough_u16_b,1.0,3,3,SKIPPED_TOO_SHORT
000156ce,mirror_status_f0e6_to_ports,000156ce,mirror_status_f0e6_to_ports,1.0,68,68,ALREADY_CORRECT
0001578f,mirror_status_f0ea_to_ports,0001578f,mirror_status_f0ea_to_ports,1.0,71,71,ALREADY_CORRECT
00015857,update_flag_fe97_bit2_cond,00015857,update_flag_fe97_bit2_cond,1.0,11,11,SKIPPED_TOO_SHORT
00015877,update_flag_fe82_bit2_cond,00015877,update_flag_fe82_bit2_cond,1.0,11,11,SKIPPED_TOO_SHORT
00015897,toggle_flag_fe8b_bit4,00015897,toggle_flag_fe8b_bit4,1.0,2,2,SKIPPED_TOO_SHORT
0001589d,clear_flag_fe93_bit4,0001589d,clear_flag_fe93_bit4,1.0,2,2,SKIPPED_TOO_SHORT
000158a7,update_port_fe82_indexed,000158a7,update_port_fe82_indexed,1.0,17,17,ALREADY_CORRECT
000158d7,software_pwm_output_scheduler,000158d7,software_pwm_output_scheduler,1.0,100,100,ALREADY_CORRECT
00015a06,serial_fef9_duty_scale_and_set,00015a06,serial_fef9_duty_scale_and_set,1.0,18,18,ALREADY_CORRECT
00015a3a,init_scale_factor_f9ac,00015a3a,init_scale_factor_f9ac,1.0,17,17,ALREADY_CORRECT
00015a6c,identity_passthrough_arg1_unused,000156c8,identity_passthrough_u16_b,0.75,5,3,SKIPPED_TOO_SHORT
00015a76,peripheral_regs_ff2x_ff9x_bulk_zero_init,00015a76,peripheral_regs_ff2x_ff9x_bulk_zero_init,1.0,35,35,ALREADY_CORRECT
00015aff,init_reg_feb8_feb9,00015aff,init_reg_feb8_feb9,1.0,3,3,SKIPPED_TOO_SHORT
00015b0b,noop_return_void,0001519e,stub_empty_0x1519e,1.0,1,1,SKIPPED_TOO_SHORT
00015b0d,adc_channel_convert_and_read,00015b0d,adc_channel_convert_and_read,1.0,17,17,ALREADY_CORRECT
00015b3f,init_state_block_f97a,00015b3f,init_state_block_f97a,1.0,20,20,ALREADY_CORRECT
00015b90,init_flags_ff51_52,00015b90,init_flags_ff51_52,1.0,4,4,SKIPPED_TOO_SHORT
00015b9e,sci1_timing_period_tracker,00015b9e,sci1_timing_period_tracker,1.0,32,32,ALREADY_CORRECT
00015c0a,isr_sci1_eri_reset_timeout,00015c0a,isr_sci1_eri_reset_timeout,1.0,28,28,ALREADY_CORRECT
00015c6c,detect_sci1_param_change_reset,00015c6c,detect_sci1_param_change_reset,1.0,19,19,ALREADY_CORRECT
00015caa,isr_sci1_eri,00015caa,isr_sci1_eri,1.0,8,8,SKIPPED_TOO_SHORT
00015cbd,timer_block_cold_init,00015cbd,timer_block_cold_init,1.0,30,30,ALREADY_CORRECT
00015d36,timer_block_cold_init_b,00015d36,timer_block_cold_init_b,1.0,22,22,ALREADY_CORRECT
00015d92,isr_sci2_eri,00015d92,isr_sci2_eri,1.0,21,21,ALREADY_CORRECT
00015dd0,timer_ff41_ff44_ff4a_cold_init,00015dd0,timer_ff41_ff44_ff4a_cold_init,1.0,14,14,SKIPPED_TOO_SHORT
00015e01,timer_ff41_ff42_warm_init,00015e01,timer_ff41_ff42_warm_init,1.0,6,6,SKIPPED_TOO_SHORT
00015e17,sci3_timeout_set_abort,00015e17,sci3_timeout_set_abort,1.0,33,33,ALREADY_CORRECT
00015e79,sci3_timeout_set_retry,00015e17,sci3_timeout_set_abort,1.0,33,33,SKIPPED_ALREADY_NAMED
00015edb,sci3_timeout_clear_flag,00015edb,sci3_timeout_clear_flag,1.0,23,23,ALREADY_CORRECT
00015f1a,timer_ff44_ff4a_arm_channels_atomic,00015f1a,timer_ff44_ff4a_arm_channels_atomic,1.0,30,30,ALREADY_CORRECT
00015f71,timer4_oc_arm_from_flags,00015f1a,timer_ff44_ff4a_arm_channels_atomic,1.0,30,30,SKIPPED_ALREADY_NAMED
00015fc8,isr_sci3_rxi,00015fc8,isr_sci3_rxi,1.0,14,14,SKIPPED_TOO_SHORT
00015fec,isr_sci3_txi,00015fec,isr_sci3_txi,1.0,22,22,ALREADY_CORRECT
00016029,compose_status_bits_fe86_fe8a,00016029,compose_status_bits_fe86_fe8a,1.0,20,20,ALREADY_CORRECT
00016059,peripheral_block_ff15_cold_init,00016059,peripheral_block_ff15_cold_init,1.0,14,14,SKIPPED_TOO_SHORT
0001609d,peripheral_block_ff15_warm_init,0001609d,peripheral_block_ff15_warm_init,1.0,12,12,SKIPPED_TOO_SHORT
000160d9,isr_nmi,000160d9,isr_nmi,1.0,16,16,ALREADY_CORRECT
00016102,peripheral_reg_ff1d_cold_init,00016102,peripheral_reg_ff1d_cold_init,1.0,2,2,SKIPPED_TOO_SHORT
00016109,peripheral_reg_ff1d_warm_init,00016102,peripheral_reg_ff1d_cold_init,1.0,2,2,SKIPPED_TOO_SHORT
00016110,latch_flag_read_fede_bit1,00016110,latch_flag_read_fede_bit1,1.0,9,9,SKIPPED_TOO_SHORT
00016128,check_flag_fede_bit2_clear_if_set,00016110,latch_flag_read_fede_bit1,1.0,9,9,SKIPPED_TOO_SHORT
00016140,latch_flag_read_fede_bit3,00016110,latch_flag_read_fede_bit1,1.0,9,9,SKIPPED_TOO_SHORT
00016158,stub_empty_0x16158,00015b0b,noop_return_void,1.0,1,1,SKIPPED_TOO_SHORT
0001615a,stub_empty_0x1615a,00015b0b,noop_return_void,1.0,1,1,SKIPPED_TOO_SHORT
0001615c,propagate_flag_fe96_to_f0d8_db,0001615c,propagate_flag_fe96_to_f0d8_db,1.0,38,38,ALREADY_CORRECT
000161ba,peripheral_block_ff90_cold_init,000161ba,peripheral_block_ff90_cold_init,1.0,5,5,SKIPPED_TOO_SHORT
000161d0,peripheral_block_ff90_warm_init,000161ba,peripheral_block_ff90_cold_init,1.0,5,5,SKIPPED_TOO_SHORT
000161e6,scale_counter_ff96_to_byte_clamped,000161e6,scale_counter_ff96_to_byte_clamped,1.0,22,22,ALREADY_CORRECT
00016222,init_state_block_ff21,00016222,init_state_block_ff21,1.0,20,20,ALREADY_CORRECT
0001626c,peripheral_block_ff21_warm_init,0001626c,peripheral_block_ff21_warm_init,1.0,12,12,SKIPPED_TOO_SHORT
00016297,multi_channel_reg_write_and_poll_ff2x_ff3x,00016297,multi_channel_reg_write_and_poll_ff2x_ff3x,1.0,95,95,ALREADY_CORRECT
000163cc,isr_adi_adc,000163cc,isr_adi_adc,1.0,12,12,SKIPPED_TOO_SHORT
000163eb,ff2a_set_clamped_to_ff26p2_atomic,00016488,timer_ff5a_set_clamped_armed,0.875,15,17,SKIPPED_LOW_SIMILARITY
00016410,compose_fe86_fe8a_status_nibble,00016410,compose_fe86_fe8a_status_nibble,1.0,16,16,ALREADY_CORRECT
0001643a,timer_ff51_ff54_arm_init,0001643a,timer_ff51_ff54_arm_init,1.0,11,11,SKIPPED_TOO_SHORT
0001645e,timer_ff51_ff52_disarm,0001645e,timer_ff51_ff52_disarm,1.0,4,4,SKIPPED_TOO_SHORT
0001646c,init_state_block_ff54,0001646c,init_state_block_ff54,1.0,9,9,SKIPPED_TOO_SHORT
00016488,timer_ff5a_set_clamped_armed,00016488,timer_ff5a_set_clamped_armed,1.0,17,17,ALREADY_CORRECT
000164b7,serial_fef4_cold_init,000164ce,serial_fef4_cold_init,1.0,9,9,SKIPPED_TOO_SHORT
000164da,serial_fef4_warm_init,000164f1,serial_fef4_warm_init,1.0,8,8,SKIPPED_TOO_SHORT
000164f8,serial_fef1_set_clamped,00016529,FUN_00016529,1.0,5,5,SKIPPED_TOO_SHORT
00016505,serial_fef5_set_clamped,00016529,FUN_00016529,1.0,5,5,SKIPPED_TOO_SHORT
00016512,serial_fef9_set_clamped,00016529,FUN_00016529,1.0,5,5,SKIPPED_TOO_SHORT
0001651f,peripheral_block_fec0_fed0_cold_init,00016536,peripheral_block_fec0_fed0_cold_init,1.0,13,13,SKIPPED_TOO_SHORT
0001655a,peripheral_fec0_fed0_state_update,00016571,peripheral_fec0_fed0_state_update,1.0,51,51,ALREADY_CORRECT
00016600,serial_fec3_load_byte0_init,00016617,serial_fec3_load_byte0_init,1.0,16,16,ALREADY_CORRECT
00016631,serial_fec3_load_next_byte,00016648,serial_fec3_load_next_byte,1.0,22,22,ALREADY_CORRECT
00016680,serial_fec5_byte_to_fifo,00016696,serial_fec5_byte_to_fifo,1.0,25,25,ALREADY_CORRECT
000166cd,latch_request_f588,000166e3,FUN_000166e3,1.0,4,4,SKIPPED_TOO_SHORT
000166d7,sci1_tx_response_feeder,000166ed,sci1_tx_response_feeder,1.0,21,21,ALREADY_CORRECT
00016716,sci1_rx_frame_accumulator,0001672c,sci1_rx_frame_accumulator,1.0,32,32,ALREADY_CORRECT
0001677c,sci_request_latch_f58a_conditional,000166e3,FUN_000166e3,1.0,4,4,SKIPPED_TOO_SHORT
00016786,sci_fifo_f58a_advance_and_load_fed3,000166ed,sci1_tx_response_feeder,1.0,21,21,SKIPPED_ALREADY_NAMED
000167c5,fedd5_fifo_rx_store_byte,0001672c,sci1_rx_frame_accumulator,1.0,32,32,SKIPPED_ALREADY_NAMED
0001682b,isr_tpu5_tgi5a_sci1_rx_poll,00016841,FUN_00016841,1.0,19,19,APPLIED
00016865,isr_tpu5_tgi5b_sci1_tie_clear,0001687b,isr_tpu5_tgi5b_sci1_tie_clear,1.0,5,5,SKIPPED_TOO_SHORT
00016872,isr_tpu5_tci5u,00016888,FUN_00016888,1.0,12,12,SKIPPED_TOO_SHORT
00016890,init_state_sentinels_f5d2,000168a6,init_state_sentinels_f5d2,1.0,21,21,ALREADY_CORRECT
000168d9,peripheral_ff42_ff62_enable,000168ef,peripheral_ff42_ff62_enable,1.0,3,3,SKIPPED_TOO_SHORT
000168e3,isr_ipu_ch2ch4_input_capture,000168f9,FUN_000168f9,1.0,146,146,APPLIED
00016a97,flag_read_ff43_bit0_inverted,00016aad,FUN_00016aad,1.0,5,5,SKIPPED_TOO_SHORT
00016aa3,peripheral_block_ff70_ff88_cold_init,00016ab9,peripheral_block_ff70_ff88_cold_init,1.0,59,59,ALREADY_CORRECT
00016b83,peripheral_block_ff70_ff88_warm_init,00016b99,peripheral_block_ff70_ff88_warm_init,1.0,36,36,ALREADY_CORRECT
00016c09,f978_read_and_clear,00016c1f,f978_read_and_clear,1.0,3,3,SKIPPED_TOO_SHORT
00016c13,f978_increment_on_ff73_bit0,00016c29,f978_increment_on_ff73_bit0,1.0,9,9,SKIPPED_TOO_SHORT
00016c33,ff88_set_scaled_clamped,00016c49,ff88_set_scaled_clamped,1.0,12,12,SKIPPED_TOO_SHORT
00016c4f,isr_tpu3_tgi3a,00016c65,isr_tpu3_tgi3a,1.0,80,80,ALREADY_CORRECT
00016d40,pwm_ch0_period_track_update,00016d56,pwm_ch0_period_track_update,1.0,71,71,ALREADY_CORRECT
00016e1c,pwm_ch1_period_track_update,00016d56,pwm_ch0_period_track_update,1.0,71,71,SKIPPED_ALREADY_NAMED
00016ef8,isr_tpu3_tgi3b,00016f0e,FUN_00016f0e,1.0,16,16,APPLIED
00016f23,f9a0_read_clear_bit0_atomic,00016f51,f9a0_read_clear_bit4_atomic,1.0,9,9,SKIPPED_TOO_SHORT
00016f3b,f9a0_read_clear_bit4_atomic,00016f51,f9a0_read_clear_bit4_atomic,1.0,9,9,SKIPPED_TOO_SHORT
00016f53,f9a0_read_clear_bit8_atomic,00016f51,f9a0_read_clear_bit4_atomic,1.0,9,9,SKIPPED_TOO_SHORT
00016f6b,peripheral_block_ff00_cold_init,00016f81,FUN_00016f81,0.9286,26,30,SKIPPED_LOW_SIMILARITY
00016fe2,peripheral_block_ff00_warm_init,00016fff,FUN_00016fff,0.98,49,51,APPLIED
0001709a,sci1_rx_setup,000168a6,init_state_sentinels_f5d2,0.5854,20,21,SKIPPED_LOW_SIMILARITY
000170eb,sci1_tx_setup,00016488,timer_ff5a_set_clamped_armed,0.6486,20,17,SKIPPED_LOW_SIMILARITY
00017154,ff0d_clear_bits5_6,00017174,ff0d_clear_bits5_6,1.0,3,3,SKIPPED_TOO_SHORT
0001715e,stub_empty_0x1715e,0001717e,FUN_0001717e,1.0,1,1,SKIPPED_TOO_SHORT
00017160,adc_sensor_convert_multi,00017180,adc_sensor_convert_multi,1.0,42,42,ALREADY_CORRECT
000171c3,adc_sensor_convert_single,000171e3,adc_sensor_convert_single,1.0,29,29,ALREADY_CORRECT
00017206,byte_sum_banked,00017226,byte_sum_banked,1.0,17,17,ALREADY_CORRECT
0001722b,sum_byte_array,0001724b,sum_byte_array,1.0,20,20,ALREADY_CORRECT
00017256,memcpy_banked,00017276,memcpy_banked,1.0,19,19,ALREADY_CORRECT
00017300,stub_empty_0x17300,0001717e,FUN_0001717e,1.0,1,1,SKIPPED_TOO_SHORT
00017302,engine_state_f498_init,00017302,FUN_00017302,0.9583,23,25,SKIPPED_LOW_SIMILARITY
00017361,periodic_task_dispatcher,00017365,FUN_00017365,0.9767,21,22,APPLIED
000173c0,ign_advance_f0e6_bit7_update,000173c0,ign_advance_f0e6_bit7_update,1.0,11,11,SKIPPED_TOO_SHORT
000173e0,ign_advance_table_lookup,000173e0,FUN_000173e0,0.9516,65,59,SKIPPED_LOW_SIMILARITY
000174a1,engine_mode_f20e_f510_check,000174a1,engine_mode_f20e_f510_check,1.0,8,8,SKIPPED_TOO_SHORT
000174c0,isc_f0e6_bit0_update,000174c0,isc_f0e6_bit0_update,1.0,7,7,SKIPPED_TOO_SHORT
000174d4,knock_condition_eval,000174d4,knock_condition_eval,1.0,100,100,ALREADY_CORRECT
000175f0,isc_target_calc_and_store,000175f0,isc_target_calc_and_store,1.0,34,34,ALREADY_CORRECT
00017654,isc_condition_eval,00017654,isc_condition_eval,1.0,76,76,ALREADY_CORRECT
00017742,isc_stepper_enable_check,00017742,isc_stepper_enable_check,1.0,150,150,ALREADY_CORRECT
0001792f,isc_decel_fuel_cut_check,0001792f,isc_decel_fuel_cut_check,1.0,38,38,ALREADY_CORRECT
0001799f,isc_f03e_f45a_timer_update,0001799f,isc_f03e_f45a_timer_update,1.0,21,21,ALREADY_CORRECT
000179e5,isc_stepper_mode_dispatch,000179e5,isc_stepper_mode_dispatch,1.0,59,59,ALREADY_CORRECT
00017a94,isc_stepper_position_calc,00017a94,isc_stepper_position_calc,1.0,102,102,ALREADY_CORRECT
00017bc2,isc_stepper_secondary_position_calc,00017bc2,isc_stepper_secondary_position_calc,1.0,60,60,ALREADY_CORRECT
00017c75,isc_openloop_target_calc,00017c75,isc_openloop_target_calc,1.0,115,115,ALREADY_CORRECT
00017dd3,isc_integrator_update,00017dd3,isc_integrator_update,1.0,331,331,ALREADY_CORRECT
0001821d,isc_stepper_blend_from_struct,0001821d,isc_stepper_blend_from_struct,1.0,76,76,ALREADY_CORRECT
000182e8,isc_stepper_output_calc,000182e8,isc_stepper_output_calc,1.0,38,38,ALREADY_CORRECT
00018357,isc_f462_integrator_update,00018357,isc_f462_integrator_update,1.0,73,73,ALREADY_CORRECT
0001842b,isc_dashpot_override_check,0001842b,isc_dashpot_override_check,1.0,16,16,ALREADY_CORRECT
00018450,isc_f462_position_ramp,00018450,isc_f462_position_ramp,1.0,39,39,ALREADY_CORRECT
000184c3,isc_openloop_stepper_scale_calc,000184c3,isc_openloop_stepper_scale_calc,1.0,19,19,ALREADY_CORRECT
00018502,isc_activation_control_f466,00018502,isc_activation_control_f466,1.0,58,58,ALREADY_CORRECT
000185a6,f0ea_bit6_update_from_mode_check,000185a6,f0ea_bit6_update_from_mode_check,1.0,19,19,ALREADY_CORRECT
000185de,engine_mode_f512_bit4_check,000174a1,engine_mode_f20e_f510_check,1.0,8,8,SKIPPED_TOO_SHORT
00018600,egr_f0e6_bit1_update,00018600,egr_f0e6_bit1_update,1.0,13,13,SKIPPED_TOO_SHORT
00018628,egr_activity_condition_check,00018628,egr_activity_condition_check,1.0,12,12,SKIPPED_TOO_SHORT
00018650,egr_target_f448_update,00018650,egr_target_f448_update,1.0,21,21,ALREADY_CORRECT
00018689,egr_coolant_rpm_enable_check,00018689,egr_coolant_rpm_enable_check,1.0,37,37,ALREADY_CORRECT
000186fa,egr_duty_target_calc,000186fa,egr_duty_target_calc,1.0,51,51,ALREADY_CORRECT
000187a0,egr_mode_dispatch,000187a0,egr_mode_dispatch,1.0,14,14,SKIPPED_TOO_SHORT
000187cf,egr_sequence_control,000187cf,egr_sequence_control,1.0,42,42,ALREADY_CORRECT
00018848,egr_valve_state_eval_f490,00018848,egr_valve_state_eval_f490,1.0,130,130,ALREADY_CORRECT
000189c0,egr_f490_condition_flags_update,000189c0,egr_f490_condition_flags_update,1.0,49,49,ALREADY_CORRECT
00018a55,check_hysteresis_gate_f490,00018a55,check_hysteresis_gate_f490,1.0,47,47,ALREADY_CORRECT
00018ae5,check_mode_gate_f510,00018ae5,check_mode_gate_f510,1.0,18,18,ALREADY_CORRECT
00018b17,egr_f490_gear_transition_update,00018b17,egr_f490_gear_transition_update,1.0,25,25,ALREADY_CORRECT
00018b63,egr_f0e6_valve_bits_update,00018b63,egr_f0e6_valve_bits_update,1.0,31,31,ALREADY_CORRECT
00018bc2,egr_position_target_f494_calc,00018bc2,egr_position_target_f494_calc,1.0,87,87,ALREADY_CORRECT
00018cd0,egr_table_row_lookup_f496,00018cd0,egr_table_row_lookup_f496,1.0,65,65,ALREADY_CORRECT
00018db0,purge_f0e6_bit2_update,00018db0,purge_f0e6_bit2_update,1.0,9,9,SKIPPED_TOO_SHORT
00018dca,purge_enable_check,00018dca,FUN_00018dca,0.9307,54,47,SKIPPED_LOW_SIMILARITY
00018e70,ign_advance_top_update,00018e70,ign_advance_top_update,1.0,13,13,SKIPPED_TOO_SHORT
00018e93,ign_advance_enable_flags_f440_update,00018e93,ign_advance_enable_flags_f440_update,1.0,78,78,ALREADY_CORRECT
00018f8a,ign_advance_base_calc_f860,00018f8a,FUN_00018f8a,0.7407,30,51,SKIPPED_LOW_SIMILARITY
00018fe0,wgdc_correction_integrator_update,00019021,FUN_00019021,0.9765,87,83,APPLIED
000190df,ign_advance_idle_correction_f44e,000184c3,isc_openloop_stepper_scale_calc,0.7059,15,19,SKIPPED_LOW_SIMILARITY
00019110,wgdc_output_clamp_f44c,00019198,FUN_00019198,1.0,45,45,APPLIED
000191a0,ign_advance_load_correction_f450,00019220,FUN_00019220,1.0,21,21,APPLIED
000191f0,rpm_map_zone_flags_f43e_update,00019270,rpm_map_zone_flags_f43e_update,1.0,24,24,ALREADY_CORRECT
00019240,f0ea_bit7_rpm_zone_update,000192c0,FUN_000192c0,0.9474,27,30,SKIPPED_LOW_SIMILARITY
0001928e,f0ea_bit7_f43e_bit3_clear,00019a10,FUN_00019a10,0.5926,10,17,SKIPPED_TOO_SHORT
000192ac,rpm_zone_enable_check,0001932c,rpm_zone_enable_check,1.0,53,53,ALREADY_CORRECT
00019350,f0e6_bit6_update,000193d0,FUN_000193d0,1.0,7,7,SKIPPED_TOO_SHORT
00019364,ign_advance_rpm_zone_enable_check,000193e4,FUN_000193e4,1.0,46,46,APPLIED
000193f0,stub_empty_193f0,00019470,FUN_00019470,1.0,1,1,SKIPPED_TOO_SHORT
00019400,canister_purge_control_flags_f4d6_update,00019480,FUN_00019480,0.9848,67,65,APPLIED
000194d0,canister_purge_mode_dispatch,000187a0,egr_mode_dispatch,0.6667,10,14,SKIPPED_TOO_SHORT
000194f2,canister_purge_gear_mode_select_f4a2,00018650,egr_target_f448_update,0.6667,21,21,SKIPPED_LOW_SIMILARITY
0001952c,canister_purge_feedback_active_check,000185de,engine_mode_f512_bit4_check,0.64,17,8,SKIPPED_LOW_SIMILARITY
00019560,canister_purge_duty_calc_f4ac,000182e8,isc_stepper_output_calc,0.6481,70,38,SKIPPED_LOW_SIMILARITY
00019640,diagnostic_status_f4b4_build,00019560,FUN_00019560,0.9867,75,75,APPLIED
00019720,o2_sensor_control_dispatch,00019640,FUN_00019640,1.0,72,72,APPLIED
000197f4,o2_upstream_enable_check,00019714,FUN_00019714,1.0,78,78,APPLIED
000198f2,o2_downstream_enable_check,00019714,o2_upstream_enable_check,1.0,78,78,SKIPPED_ALREADY_NAMED
000199f0,calc_load_correction_f10e,00019910,FUN_00019910,1.0,82,82,APPLIED
00019af0,o2_heater_fuel_ctrl_top_update,00019a10,FUN_00019a10,1.0,17,17,APPLIED
00019b2a,o2_heater_timer_f088_update,00019a4a,o2_heater_timer_f088_update,1.0,17,17,ALREADY_CORRECT
00019b5e,o2_heater_iat_zone_select_f4f0,00019a7e,o2_heater_iat_zone_select_f4f0,1.0,30,30,ALREADY_CORRECT
00019bbc,o2_heater_duty_f4da_calc,00019adc,FUN_00019adc,1.0,79,79,APPLIED
00019cb3,o2_heater_duty_downstream_correction,00019bd3,FUN_00019bd3,1.0,30,30,APPLIED
00019d0e,o2_heater_soak_enable_check,00019c2e,o2_heater_soak_enable_check,1.0,20,20,ALREADY_CORRECT
00019d4b,o2_heater_force_off_check,00019c6b,o2_heater_force_off_check,1.0,18,18,ALREADY_CORRECT
00019d80,channel_dispatch_and_snapshot_update,00019e00,FUN_00019e00,0.9726,75,71,APPLIED
00019e6d,channel_event_or_periodic_dispatch,00019eed,FUN_00019eed,0.9615,54,50,SKIPPED_LOW_SIMILARITY
00019efa,channel_data_flush_if_active,00019f7a,FUN_00019f7a,1.0,23,23,APPLIED
00019f35,o2_lambda_or_passthrough_select,00019fb5,o2_lambda_or_passthrough_select,1.0,8,8,SKIPPED_TOO_SHORT
00019f49,o2_sensor_gain_divisor,00019fc9,FUN_00019fc9,1.0,18,18,APPLIED
00019f77,o2_wideband_mode_zero_check,00019ff7,o2_wideband_mode_zero_check,1.0,12,12,SKIPPED_TOO_SHORT
00019f90,o2_wideband_cell_offset_adjust,0001a010,FUN_0001a010,1.0,37,37,APPLIED
00019ff2,o2_wideband_midpoint_select,0001a072,o2_wideband_midpoint_select,1.0,12,12,SKIPPED_TOO_SHORT
0001a00c,o2_lambda_correction_apply,0001a08c,FUN_0001a08c,1.0,22,22,APPLIED
0001a042,o2_sensor_mode_correction_select,0001a0c2,FUN_0001a0c2,1.0,41,41,APPLIED
0001a0a7,o2_wideband_lsu_mode_check,0001a127,o2_wideband_lsu_mode_check,1.0,13,13,SKIPPED_TOO_SHORT
0001a0c4,o2_mode7_8_correction_apply,0001a08c,o2_lambda_correction_apply,1.0,22,22,SKIPPED_ALREADY_NAMED
0001a0fa,o2_mode9_10_correction_apply,0001a08c,o2_lambda_correction_apply,1.0,22,22,SKIPPED_ALREADY_NAMED
0001a130,o2_mode11_lambda_select,0001a1b0,o2_mode11_lambda_select,1.0,9,9,SKIPPED_TOO_SHORT
0001a146,o2_mode16_lambda_select,0001a1b0,o2_mode11_lambda_select,1.0,9,9,SKIPPED_TOO_SHORT
0001a15c,o2_closed_loop_config_check,0001a1dc,o2_closed_loop_config_check,1.0,15,15,ALREADY_CORRECT
0001a182,o2_sensor2_correction_apply,0001a202,FUN_0001a202,1.0,23,23,APPLIED
0001a1b9,o2_sensor2_mode3_midpoint,0001a239,o2_sensor2_mode3_midpoint,1.0,8,8,SKIPPED_TOO_SHORT
0001a1cc,o2_downstream_type34_check,0001a24c,o2_downstream_type34_check,1.0,11,11,SKIPPED_TOO_SHORT
0001a1e5,o2_downstream_clamp_by_type,0001a265,o2_downstream_clamp_by_type,1.0,14,14,SKIPPED_TOO_SHORT
0001a205,o2_wideband_mode82_check,0001a285,o2_wideband_mode82_check,1.0,5,5,SKIPPED_TOO_SHORT
0001a212,o2_sensor2_mode20_select,0001a1b0,o2_mode11_lambda_select,1.0,9,9,SKIPPED_TOO_SHORT
0001a228,o2_downstream_mode20_select,0001a1b0,o2_mode11_lambda_select,1.0,9,9,SKIPPED_TOO_SHORT
0001a23e,o2_downstream_mode21_select,0001a1b0,o2_mode11_lambda_select,1.0,9,9,SKIPPED_TOO_SHORT
0001a254,o2_config4_mode16_check,0001a285,o2_wideband_mode82_check,1.0,5,5,SKIPPED_TOO_SHORT
0001a261,o2_downstream_mode17_check,0001a285,o2_wideband_mode82_check,1.0,5,5,SKIPPED_TOO_SHORT
0001a26e,o2_downstream_correction_apply,0001a08c,o2_lambda_correction_apply,1.0,22,22,SKIPPED_ALREADY_NAMED
0001a2a4,o2_downstream_mode64_select,0001a1b0,o2_mode11_lambda_select,1.0,9,9,SKIPPED_TOO_SHORT
0001a2ba,o2_downstream_mode66_select,0001a1b0,o2_mode11_lambda_select,1.0,9,9,SKIPPED_TOO_SHORT
0001a2d0,o2_mode65_lambda_select,0001a1b0,o2_mode11_lambda_select,1.0,9,9,SKIPPED_TOO_SHORT
0001a2e6,o2_downstream_mode48_select,0001a1b0,o2_mode11_lambda_select,1.0,9,9,SKIPPED_TOO_SHORT
0001a300,o2_trim_cell_states_reset,0001a400,FUN_0001a400,1.0,2,2,SKIPPED_TOO_SHORT
0001a306,fuel_trim_full_state_reset,0001a400,FUN_0001a400,1.0,2,2,SKIPPED_TOO_SHORT
0001a30c,dtc_and_status_update,0001a40c,FUN_0001a40c,1.0,4,4,SKIPPED_TOO_SHORT
0001a31a,status_flags_f202_build,0001a41a,status_flags_f202_build,1.0,30,30,ALREADY_CORRECT
0001a36f,dtc_status_flags_f204_f206_build,0001a46f,dtc_status_flags_f204_f206_build,1.0,113,113,ALREADY_CORRECT
00020000,flash_boot_init,00020000,flash_boot_init,1.0,12,12,SKIPPED_TOO_SHORT
00020024,boot_ram_block_copy,00020024,boot_ram_block_copy,1.0,6,6,SKIPPED_TOO_SHORT
00020030,boot_main_loop,0002038d,sci1_rx_byte_wait_loop,0.4,9,6,SKIPPED_TOO_SHORT
00020048,boot_sci1_init,00020048,boot_sci1_init,1.0,12,12,SKIPPED_TOO_SHORT
0002006e,boot_sci1_receive_command,0002014c,sci1_boot_cmd_type_rx_validate,0.5833,9,15,SKIPPED_TOO_SHORT
00020084,boot_sci1_receive_config_bytes,00020084,boot_sci1_receive_config_bytes,1.0,43,43,ALREADY_CORRECT
00020104,boot_sci1_rom_id_verify,00020104,FUN_00020104,0.9048,19,23,SKIPPED_LOW_SIMILARITY
0002014c,sci1_boot_cmd_type_rx_validate,0002014c,sci1_boot_cmd_type_rx_validate,1.0,15,15,ALREADY_CORRECT
0002016e,sci1_boot_cmd_dispatch,0002016e,sci1_boot_cmd_dispatch,1.0,34,34,ALREADY_CORRECT
000201c0,sci1_boot_security_seed_check,000201c0,sci1_boot_security_seed_check,1.0,13,13,SKIPPED_TOO_SHORT
000201ec,sci1_boot_flash_erase_dispatch,0002014c,sci1_boot_cmd_type_rx_validate,0.6154,11,15,SKIPPED_TOO_SHORT
000202b2,sci1_boot_checksum_accumulate,000202b2,sci1_boot_checksum_accumulate,1.0,10,10,SKIPPED_TOO_SHORT
000202c9,sci1_boot_flash_write_param_rx,00020084,boot_sci1_receive_config_bytes,0.6377,26,43,SKIPPED_LOW_SIMILARITY
0002036d,scratch_pjmp_demo,000202b2,sci1_boot_checksum_accumulate,0.2857,4,10,SKIPPED_TOO_SHORT
00020379,sci1_tx_byte_blocking,00020379,sci1_tx_byte_blocking,1.0,5,5,SKIPPED_TOO_SHORT
00020388,sci1_boot_tx_then_rx_transaction,00020388,sci1_boot_tx_then_rx_transaction,1.0,3,3,SKIPPED_TOO_SHORT
0002038d,sci1_rx_byte_wait_loop,0002038d,sci1_rx_byte_wait_loop,1.0,6,6,SKIPPED_TOO_SHORT
00020398,sci1_boot_rx_byte_enqueue,00020398,sci1_boot_rx_byte_enqueue,1.0,4,4,SKIPPED_TOO_SHORT
0002039f,sci1_boot_rxbuf_write,0002039f,sci1_boot_rxbuf_write,1.0,12,12,SKIPPED_TOO_SHORT
000203bd,sci1_boot_rxbuf_read,000203bd,sci1_boot_rxbuf_read,1.0,15,15,ALREADY_CORRECT
000203e4,sci1_rx_byte_poll_or_error,000203e4,sci1_rx_byte_poll_or_error,1.0,20,20,ALREADY_CORRECT
0002041b,sci1_boot_tx_buf_drain,00020646,sci1_boot_build_eof_frame,0.6667,8,10,SKIPPED_TOO_SHORT
0002042c,sci1_boot_handshake_and_bulk_rx,00020104,FUN_00020104,0.4286,19,23,SKIPPED_LOW_SIMILARITY
00020461,sci1_boot_flash_addr_range_validate,0002042c,FUN_0002042c,0.7478,47,68,SKIPPED_LOW_SIMILARITY
000204dd,sci1_boot_flash_write_block_loop,000204dd,sci1_boot_flash_write_block_loop,1.0,70,70,ALREADY_CORRECT
000205a7,sci1_boot_build_data_frame,000205a7,sci1_boot_build_data_frame,1.0,41,41,ALREADY_CORRECT
000205fe,sci1_boot_build_row_addr_frame,000205fe,sci1_boot_build_row_addr_frame,1.0,31,31,ALREADY_CORRECT
00020640,sci1_boot_switch_case4_frag_20640,0001a285,o2_wideband_mode82_check,0.0,3,5,SKIPPED_TOO_SHORT
00020646,sci1_boot_build_eof_frame,00020646,sci1_boot_build_eof_frame,1.0,10,10,SKIPPED_TOO_SHORT
00020664,sci1_colon_frame_dispatch,00020664,FUN_00020664,0.9254,31,36,SKIPPED_LOW_SIMILARITY
00020715,sci1_boot_ihex_colon_record_decode_dispatch,0002039f,sci1_boot_rxbuf_write,0.4324,25,12,SKIPPED_LOW_SIMILARITY
00020782,f26e_cluster_accumulator_unrelated_to_ihex,00020664,FUN_00020664,0.3571,48,36,SKIPPED_LOW_SIMILARITY
0002080c,flash_erase_sectors,0002080c,flash_erase_sectors,1.0,18,18,ALREADY_CORRECT
00020844,flash_write_or_verify,00020844,flash_write_or_verify,1.0,27,27,ALREADY_CORRECT
00020888,flash_write_marked_blocks_loop,00020888,flash_write_marked_blocks_loop,1.0,27,27,ALREADY_CORRECT
000208c6,flash_byte_program_verify,000208c6,flash_byte_program_verify,1.0,27,27,ALREADY_CORRECT
00020910,flash_timing_delay,00020910,flash_timing_delay,1.0,17,17,ALREADY_CORRECT
0002093c,flash_erase_sector_loop,0002093c,flash_erase_sector_loop,1.0,32,32,ALREADY_CORRECT
00020992,flash_vpp_pulse_handshake_echo_verify,000208c6,flash_byte_program_verify,0.6761,44,27,SKIPPED_LOW_SIMILARITY
00020a80,main_loop,00020a80,main_loop,1.0,30,30,ALREADY_CORRECT
00020b00,cold_init_dispatch,00020b00,cold_init_dispatch,1.0,8,8,SKIPPED_TOO_SHORT
00020b1c,subsystem_cold_init,00020b1c,subsystem_cold_init,1.0,17,17,ALREADY_CORRECT
00020b5e,check_cold_init_complete_sentinel_ef62,00020b5e,check_cold_init_complete_sentinel_ef62,1.0,123,123,ALREADY_CORRECT
00020ccd,subsystem_unconditional_init_chain,00020ccd,subsystem_unconditional_init_chain,1.0,30,30,ALREADY_CORRECT
00020d80,peripheral_cold_init_wrapper_set_ef7a,00020d80,peripheral_cold_init_wrapper_set_ef7a,1.0,3,3,SKIPPED_TOO_SHORT
00020d8b,status_word_consumer_periodic,00020d8b,status_word_consumer_periodic,1.0,27,27,ALREADY_CORRECT
00020e00,init_ee82_ee8a_from_rom_const,00020e00,init_ee82_ee8a_from_rom_const,1.0,4,4,SKIPPED_TOO_SHORT
00020e10,post_init_status_compose_and_ef98_signal,00020e10,post_init_status_compose_and_ef98_signal,1.0,30,30,ALREADY_CORRECT
00020e89,table_select_scale_fanout_f1be_f1c2,00020e89,table_select_scale_fanout_f1be_f1c2,1.0,36,36,ALREADY_CORRECT
00020efa,main_loop_engine_control_update,00020b1c,subsystem_cold_init,0.8276,12,17,SKIPPED_TOO_SHORT
00020f28,gear_state_config_loader_f1fc,00020f28,FUN_00020f28,0.9882,43,42,APPLIED
00020fb1,cond_reset_and_latch_f10e_f118_prev,00020fb1,cond_reset_and_latch_f10e_f118_prev,1.0,15,15,ALREADY_CORRECT
00020fe5,periodic_status_compose_and_stall_check,00020fe5,periodic_status_compose_and_stall_check,1.0,8,8,SKIPPED_TOO_SHORT
00021003,compose_status_word_f0f8,00021003,FUN_00021003,0.9326,90,103,SKIPPED_LOW_SIMILARITY
00021107,fuel_cut_enable_check,00021131,FUN_00021131,1.0,52,52,APPLIED
000211a1,fuel_cut_rpm_offset_select,000211cb,fuel_cut_rpm_offset_select,1.0,16,16,ALREADY_CORRECT
000211c8,crank_stall_detect_update,000211f2,FUN_000211f2,1.0,15,15,APPLIED
000211fb,sensor_adc_update,00021225,FUN_00021225,1.0,8,8,SKIPPED_TOO_SHORT
00021219,map_tps_axis_update,00021243,FUN_00021243,1.0,30,30,APPLIED
0002127f,tps_range_clamp_update,000212a9,FUN_000212a9,1.0,51,51,APPLIED
00021314,calc_f110_f10e_via_table,0002133e,FUN_0002133e,1.0,37,37,APPLIED
00021396,iat_axis_update,000213c0,FUN_000213c0,1.0,20,20,APPLIED
000213da,calc_f118_via_table,00021404,FUN_00021404,1.0,17,17,APPLIED
00021414,coolant_temp_validity_and_scale,0002143e,FUN_0002143e,1.0,16,16,APPLIED
0002144b,coolant_temp_range_check,00021475,coolant_temp_range_check,1.0,17,17,ALREADY_CORRECT
00021480,manifold_heat_enable_flag_update,000214aa,FUN_000214aa,0.9706,35,33,APPLIED
000214ea,tps_delta_calc,0002150e,FUN_0002150e,1.0,25,25,APPLIED
0002153b,iac_position_integrator,0002155f,FUN_0002155f,1.0,47,47,APPLIED
000215c8,idle_closed_loop_ready_check,000215ec,idle_closed_loop_ready_check,1.0,35,35,ALREADY_CORRECT
00021636,throttle_target_ramp_update,0002165a,FUN_0002165a,1.0,125,125,APPLIED
000217b6,throttle_ramp_enable_check,000217da,throttle_ramp_enable_check,1.0,16,16,ALREADY_CORRECT
000217e3,throttle_body_update,00021807,FUN_00021807,0.8571,12,16,SKIPPED_TOO_SHORT
0002180b,engine_torque_scale_state_reset,0002183d,engine_torque_scale_state_reset,1.0,17,17,ALREADY_CORRECT
0002184b,engine_torque_pct_scale_calc,0002187d,FUN_0002187d,1.0,39,39,APPLIED
000218c0,throttle_body_pos_error_calc,000218f2,FUN_000218f2,1.0,32,32,APPLIED
00021928,throttle_param_table_select,0002195a,throttle_param_table_select,1.0,8,8,SKIPPED_TOO_SHORT
00021942,lambda_enable_flag_update,00021974,FUN_00021974,1.0,11,11,SKIPPED_TOO_SHORT
00021962,lambda_enable_inhibit_check,00021994,lambda_enable_inhibit_check,1.0,11,11,SKIPPED_TOO_SHORT
00021983,lambda_correction_output_calc,000219b5,FUN_000219b5,1.0,31,31,APPLIED
000219e2,fueling_lambda_update,00021a14,FUN_00021a14,1.0,12,12,SKIPPED_TOO_SHORT
00021a0e,fueling_base_injection_calc,00021a40,FUN_00021a40,1.0,51,51,APPLIED
00021aa5,fueling_accel_enrichment_calc,00021ad7,FUN_00021ad7,1.0,26,26,APPLIED
00021af3,fueling_openloop_output_copy,00021b25,fueling_openloop_output_copy,1.0,17,17,ALREADY_CORRECT
00021b2d,fueling_throttle_zone_flags_update,00021b5f,FUN_00021b5f,1.0,30,30,APPLIED
00021b8f,fueling_inj_target_select,00021bc1,fueling_inj_target_select,1.0,33,33,ALREADY_CORRECT
00021bf3,fueling_inj_accum_clamp_drain,00021c25,FUN_00021c25,1.0,19,19,APPLIED
00021c2f,fueling_inj_pw_calc,00021c61,FUN_00021c61,1.0,116,116,APPLIED
00021d5e,fueling_wideband_output_scale,00021d90,FUN_00021d90,1.0,36,36,APPLIED
00021dc8,fueling_coolant_inj_offset_calc,00021dfa,FUN_00021dfa,1.0,15,15,APPLIED
00021df5,rpm_load_zone_counter_update,00021e27,FUN_00021e27,1.0,65,65,APPLIED
00021f00,inj_channel_state_init,00021f80,inj_channel_state_init,1.0,10,10,SKIPPED_TOO_SHORT
00021f21,ecu_openloop_state_reset,00021fa1,ecu_openloop_state_reset,1.0,3,3,SKIPPED_TOO_SHORT
00021f2e,main_control_loop_update,00021fae,FUN_00021fae,0.9032,17,14,SKIPPED_LOW_SIMILARITY
00021f70,control_state_latch_prev,00021ff4,control_state_latch_prev,1.0,9,9,SKIPPED_TOO_SHORT
00021f92,diag_flag_clear_and_param_reload,00022016,diag_flag_clear_and_param_reload,1.0,4,4,SKIPPED_TOO_SHORT
00021fa0,f216_bit6_update_from_hysteresis_gate,00022024,FUN_00022024,1.0,9,9,SKIPPED_TOO_SHORT
00021fba,f1e6_hysteresis_gate_check,0002203e,f1e6_hysteresis_gate_check,1.0,23,23,ALREADY_CORRECT
00021fff,f33e_bit0_update_from_rpm_load_window,00022083,FUN_00022083,1.0,7,7,SKIPPED_TOO_SHORT
00022013,rpm_load_window_condition_check,00022097,rpm_load_window_condition_check,1.0,18,18,ALREADY_CORRECT
0002204a,f216_bit4_update_table_1cc7,000220ce,f216_bit4_update_table_1cc7,1.0,19,19,ALREADY_CORRECT
0002207f,f216_low_nibble_update_table_1cc3,00022103,f216_low_nibble_update_table_1cc3,1.0,36,36,ALREADY_CORRECT
000220e9,f218_shift_in_f216_low_nibble,0002216d,f218_shift_in_f216_low_nibble,1.0,15,15,ALREADY_CORRECT
00022111,f216_bit8_update_from_recovery_chain,00022195,FUN_00022195,1.0,21,21,APPLIED
0002214a,f224_threshold_tier_and_change_flag,000221ce,f224_threshold_tier_and_change_flag,1.0,25,25,ALREADY_CORRECT
00022193,stub_zero_0x22193,00022217,stub_zero_0x22193,1.0,2,2,SKIPPED_TOO_SHORT
00022197,ef9e_latch_from_multi_threshold_check,0002221b,ef9e_latch_from_multi_threshold_check,1.0,29,29,ALREADY_CORRECT
000221f0,efa0_max_hold_and_recovered_check,00022274,efa0_max_hold_and_recovered_check,1.0,19,19,ALREADY_CORRECT
00022225,tcu_link_confirmed_flag_f226_bit7_update,000222a9,tcu_link_confirmed_flag_f226_bit7_update,1.0,16,16,ALREADY_CORRECT
00022256,f226_bit8_update_from_f4c0_check,000222da,f226_bit8_update_from_f4c0_check,1.0,16,16,ALREADY_CORRECT
00022284,f25e_bit6_update_from_decel_fuel_cut,00022308,FUN_00022308,1.0,11,11,SKIPPED_TOO_SHORT
000222a6,decel_fuel_cut_eval,0002232a,FUN_0002232a,0.9645,73,68,SKIPPED_LOW_SIMILARITY
00022377,check_flag_f0f8_bit2_clear,000223fb,check_flag_f0f8_bit2_clear,1.0,6,6,SKIPPED_TOO_SHORT
00022386,aux_load_enable_flag_update,00022024,FUN_00022024,0.8889,9,9,SKIPPED_TOO_SHORT
000223a0,aux_load_condition_check,00022424,aux_load_condition_check,1.0,17,17,ALREADY_CORRECT
000223d3,post_start_enrich_timer_update,00022457,FUN_00022457,0.6667,38,22,SKIPPED_LOW_SIMILARITY
00022442,o2_heater_ready_flag_update,0002249b,o2_heater_ready_flag_update,1.0,22,22,ALREADY_CORRECT
00022488,mode_state_update,000224e1,FUN_000224e1,1.0,8,8,SKIPPED_TOO_SHORT
000224a6,openloop_mode_bit_update,00022083,FUN_00022083,1.0,7,7,SKIPPED_TOO_SHORT
000224ba,closedloop_inhibit_check,00022513,closedloop_inhibit_check,1.0,10,10,SKIPPED_TOO_SHORT
000224d5,cranking_mode_bit_update,00022083,FUN_00022083,1.0,7,7,SKIPPED_TOO_SHORT
000224e9,cranking_detect_check,00022542,cranking_detect_check,1.0,33,33,ALREADY_CORRECT
0002254b,warmup_mode_state_machine,000225a4,FUN_000225a4,0.9383,43,38,SKIPPED_LOW_SIMILARITY
000225be,closedloop_eligibility_check,00022617,FUN_00022617,1.0,91,91,APPLIED
000226de,rpm_sync_ready_check,00022737,rpm_sync_ready_check,1.0,11,11,SKIPPED_TOO_SHORT
000226fd,closedloop_fuel_ready_check,00022756,FUN_00022756,0.9259,25,29,SKIPPED_LOW_SIMILARITY
00022746,o2_temp_ready_check,000227ad,FUN_000227ad,1.0,29,29,APPLIED
0002279a,o2_ready_timer_update,00022801,o2_ready_timer_update,1.0,40,40,ALREADY_CORRECT
0002280f,warmup_ign_advance_correction_calc,00022876,FUN_00022876,0.8039,48,54,SKIPPED_LOW_SIMILARITY
00022898,warmup_correction_f25a_f0f8_f212_calc,00022876,FUN_00022876,0.6977,32,54,SKIPPED_LOW_SIMILARITY
000228ed,f216_bits_f188_f17a_update_and_warmup_gate,00022954,f216_bits_f188_f17a_update_and_warmup_gate,1.0,49,49,ALREADY_CORRECT
0002297f,warmup_complete_gate_check,000229e6,FUN_000229e6,0.9583,23,25,SKIPPED_LOW_SIMILARITY
000229c0,f20e_bit1_mirror_from_f1fe_bit3,00022a2d,f20e_bit1_mirror_from_f1fe_bit3,1.0,6,6,SKIPPED_TOO_SHORT
000229d2,engine_mode_dispatch_and_f240_edge_counter,00022a3f,FUN_00022a3f,0.96,39,36,SKIPPED_LOW_SIMILARITY
00022a57,f240_counter_reset_and_f074_table_load,00022ac4,FUN_00022ac4,1.0,18,18,APPLIED
00022a97,f21c_bit12_update_dispatcher,00022b04,FUN_00022b04,1.0,9,9,SKIPPED_TOO_SHORT
00022ab3,f21c_bit9_hysteresis_and_f23e_table_ramp,00022b20,FUN_00022b20,1.0,86,86,APPLIED
00022bb3,f21c_bit8_hysteresis_from_table_variant,00022c20,FUN_00022c20,1.0,31,31,APPLIED
00022c11,f21c_bit12_source_condition_check,00022c7e,f21c_bit12_source_condition_check,1.0,27,27,ALREADY_CORRECT
00022c60,f21c_bit1_update_dispatcher,00022083,FUN_00022083,1.0,7,7,SKIPPED_TOO_SHORT
00022c74,f21c_bit1_source_condition_check,00022ce1,f21c_bit1_source_condition_check,1.0,8,8,SKIPPED_TOO_SHORT
00022c89,f224_bits01_update_and_efa8_edge_latch,00022cf6,FUN_00022cf6,1.0,48,48,APPLIED
00022d12,status_word_composite_multibit_update_via_table,00022d7f,status_word_composite_multibit_update_via_table,1.0,122,122,ALREADY_CORRECT
00022e38,struct_bit11_toggle_from_gate_check,00022ea5,FUN_00022ea5,1.0,21,21,APPLIED
00022e64,f21c_bit1_and_struct_bit5_gate_check,00022ed1,FUN_00022ed1,0.6818,29,15,SKIPPED_LOW_SIMILARITY
00022ead,f20e_f210_clear_chain_and_o2_closedloop_gate,00022ef6,FUN_00022ef6,1.0,39,39,APPLIED
00022f16,o2_sensor2_threshold_flag_update_f226_bit13,00022f5f,o2_sensor2_threshold_flag_update_f226_bit13,1.0,34,34,ALREADY_CORRECT
00022f82,f224_bit10_update_from_f20e_check,00022fcb,f224_bit10_update_from_f20e_check,1.0,5,5,SKIPPED_TOO_SHORT
00023000,init_state_block_ee98_80_call_wrapper,00023080,FUN_00023080,1.0,2,2,SKIPPED_TOO_SHORT
00023006,init_state_block_ee98_80,00023086,init_state_block_ee98_80,1.0,10,10,SKIPPED_TOO_SHORT
00023027,f2f0_f2f8_ring_and_f27x_f2cc_periodic_init,000230a7,f2f0_f2f8_ring_and_f27x_f2cc_periodic_init,1.0,32,32,ALREADY_CORRECT
0002308e,engine_periodic_correction_master_dispatch,0002310e,FUN_0002310e,0.88,14,11,SKIPPED_TOO_SHORT
000230c4,knock_octane_trim_master_dispatch,00023144,FUN_00023144,1.0,26,26,APPLIED
0002311b,f25e_gate_chain_dispatch_b,0002319b,FUN_0002319b,1.0,3,3,SKIPPED_TOO_SHORT
00023125,f25e_gate_chain_dispatch_a,000231a5,FUN_000231a5,1.0,9,9,SKIPPED_TOO_SHORT
00023145,f07c_multi_channel_threshold_gate_check,000231c5,f07c_multi_channel_threshold_gate_check,1.0,16,16,ALREADY_CORRECT
00023179,f25e_bit10_update_from_f216_gate,000231f9,FUN_000231f9,1.0,9,9,SKIPPED_TOO_SHORT
00023193,f216_bit5_hysteresis_gate_check,00023213,f216_bit5_hysteresis_gate_check,1.0,23,23,ALREADY_CORRECT
000231da,f25e_bit11_update_from_f224_gate,0002325a,FUN_0002325a,1.0,9,9,SKIPPED_TOO_SHORT
000231f4,f224_bit11_hysteresis_timer_and_gate_check,00023274,FUN_00023274,1.0,70,70,APPLIED
000232c3,status_word_bit3_conditional_update_via_table,00023343,FUN_00023343,1.0,42,42,APPLIED
00023332,f25e_bit8_update_from_f110_gate,0002252e,FUN_0002252e,1.0,7,7,SKIPPED_TOO_SHORT
00023346,f110_f17a_threshold_gate_check,000233c6,f110_f17a_threshold_gate_check,1.0,15,15,ALREADY_CORRECT
00023371,f25e_bit14_update_from_f186_f17a_gate,000233f1,f25e_bit14_update_from_f186_f17a_gate,1.0,12,12,SKIPPED_TOO_SHORT
00023397,knock_octane_dual_axis_blend_far_trampoline,00023080,FUN_00023080,1.0,2,2,SKIPPED_TOO_SHORT
0002339d,knock_octane_dual_axis_table_blend_f2a8,0002341d,FUN_0002341d,1.0,44,44,APPLIED
00023424,f190_f196_select_by_f1f0_f21c_gate,000234a4,f190_f196_select_by_f1f0_f21c_gate,1.0,13,13,SKIPPED_TOO_SHORT
00023448,f28e_f292_knock_lambda_composite_calc,000234c8,FUN_000234c8,1.0,64,64,APPLIED
00023523,f2a0_f2c6_dual_timer_decay_and_f2c8_blend_dispatch,000235a3,FUN_000235a3,0.9692,67,63,SKIPPED_LOW_SIMILARITY
00023606,efba_timer_target_select_from_f2a0_thresholds,00023686,efba_timer_target_select_from_f2a0_thresholds,1.0,28,28,ALREADY_CORRECT
00023660,efbc_timer_target_select_from_f2c6_thresholds,000236e0,efbc_timer_target_select_from_f2c6_thresholds,1.0,18,18,ALREADY_CORRECT
0002369a,f2b6_knock_retard_state_select,0002371a,f2b6_knock_retard_state_select,1.0,61,61,ALREADY_CORRECT
00023755,f2ca_table_override_from_f114_gate,000237d5,FUN_000237d5,1.0,24,24,APPLIED
000237a0,o2_closed_loop_fuel_trim_compute,00023820,FUN_00023820,0.9658,113,121,SKIPPED_LOW_SIMILARITY
000238d8,f0ba_f2b2_threshold_blend_calc,00023970,FUN_00023970,1.0,30,30,APPLIED
0002392c,f266_knock_octane_composite_trim_compute,000239c4,FUN_000239c4,1.0,139,139,APPLIED
00023a9a,knock_octane_secondary_dispatch,0002319b,FUN_0002319b,0.75,5,3,SKIPPED_TOO_SHORT
00023aaa,knock_octane_secondary_dispatch_sub,0002475b,FUN_0002475b,0.8,6,4,SKIPPED_TOO_SHORT
00023abe,octane_trim_f262_f264_table_select,00023b56,FUN_00023b56,1.0,113,113,APPLIED
00023bf9,calc_staged_index_f0f8,00023c91,calc_staged_index_f0f8,1.0,30,30,ALREADY_CORRECT
00023c4a,knock_octane_trim_gate_dispatch,00024ff6,mirror_f18a_to_f18e,0.6667,6,3,SKIPPED_TOO_SHORT
00023c5c,knock_octane_trim_gate_condition_check,00023cf4,FUN_00023cf4,0.7059,42,77,SKIPPED_LOW_SIMILARITY
00023d4f,knock_octane_trim_ramp_update,00023ded,FUN_00023ded,0.8477,64,87,SKIPPED_LOW_SIMILARITY
00023e60,status_word_table_subdispatch_group_a,00023efe,FUN_00023efe,1.0,18,18,APPLIED
00023e8b,f276_f27a_dual_channel_compute_via_table,00023f29,FUN_00023f29,1.0,30,30,APPLIED
00023ed7,f26e_o2_closed_loop_output_blend_via_table,00023f75,FUN_00023f75,1.0,96,96,APPLIED
00023fc7,o2_closed_loop_mode_selector_via_table,00024065,FUN_00024065,0.8395,47,34,SKIPPED_LOW_SIMILARITY
00024044,f286_knock_octane_secondary_trim_compute_via_table,000240bf,FUN_000240bf,1.0,101,101,APPLIED
0002415b,f27e_table_indexed_clamp_compute_via_table,000241d6,FUN_000241d6,1.0,65,65,APPLIED
00024207,eeac_adaptive_trim_learn_update_via_table,00024282,FUN_00024282,1.0,73,73,APPLIED
000242c1,f1fe_bit3_clear_and_f1f2_bit4_set_check,0002433c,f1fe_bit3_clear_and_f1f2_bit4_set_check,1.0,20,20,ALREADY_CORRECT
000242f5,f0ba_f2d0_o2_mode7_8_correction_calc,00024370,FUN_00024370,1.0,67,67,APPLIED
000243bc,f2d2_composite_correction_calc,00024437,FUN_00024437,0.9867,152,148,APPLIED
00024552,table_1e4a_lookup_with_f2d6_d8_reset,000245cd,FUN_000245cd,1.0,22,22,APPLIED
00024596,f07a_default_reset_return_0x80,00024611,f07a_default_reset_return_0x80,1.0,8,8,SKIPPED_TOO_SHORT
000245af,f2b4_threshold_table_lookup,0002462a,FUN_0002462a,1.0,47,47,APPLIED
0002463c,f2ce_f2cc_o2_mode11_correction_calc,000246b7,FUN_000246b7,1.0,21,21,APPLIED
00024680,injpw_airvol_reset_on_fuelcut,000246fb,injpw_airvol_reset_on_fuelcut,1.0,14,14,SKIPPED_TOO_SHORT
000246ae,f24e_f254_f970_f972_reset_on_f20e_bit4,00024729,f24e_f254_f970_f972_reset_on_f20e_bit4,1.0,15,15,ALREADY_CORRECT
000246e0,f2e0_f2ee_correction_dispatch,0002475b,FUN_0002475b,1.0,4,4,SKIPPED_TOO_SHORT
000246ee,f2e0_f2ec_composite_correction_calc,00024769,FUN_00024769,1.0,138,138,APPLIED
00024884,f2ea_f2ee_composite_correction_calc,000248ff,FUN_000248ff,1.0,72,72,APPLIED
0002495a,stub_empty_0x2495a,00023b42,FUN_00023b42,1.0,1,1,SKIPPED_TOO_SHORT
0002495c,f310_f316_composite_calc,000249d7,FUN_000249d7,1.0,50,50,APPLIED
000249f2,f250_f252_channel_snapshot_update,00024a6d,FUN_00024a6d,1.0,50,50,APPLIED
00024a8e,f31c_bit_toggle_pulse,00024b09,FUN_00024b09,0.9945,182,184,APPLIED
00024cd2,f31c_bit6_set_then_clear_pulse,00024f84,FUN_00024f84,0.5714,10,18,SKIPPED_TOO_SHORT
00024d36,noop_return_after_f31c_pulse,00023b42,FUN_00023b42,0.6667,2,1,SKIPPED_TOO_SHORT
00024d3a,f25a_f2xx_state_mirror_update,00024db5,FUN_00024db5,1.0,53,53,APPLIED
00024dee,f856_f858_clamped_calc,00024e69,FUN_00024e69,1.0,37,37,APPLIED
00024e80,octane_level_init_or_force_from_gear_table,00024f00,FUN_00024f00,1.0,20,20,APPLIED
00024eba,tcu_slip_state_block_cold_init,00024f3a,FUN_00024f3a,1.0,22,22,APPLIED
00024f04,tcu_slip_control_init,00024f84,FUN_00024f84,1.0,18,18,APPLIED
00024f48,isc_f33e_periodic_dispatch_group_b,000253aa,FUN_000253aa,0.6667,12,6,SKIPPED_TOO_SHORT
00024f76,mirror_f18a_to_f18e,00024ff6,mirror_f18a_to_f18e,1.0,3,3,SKIPPED_TOO_SHORT
00024f80,f33e_bit6_update_from_table_da2c_threshold,00025000,FUN_00025000,1.0,10,10,SKIPPED_TOO_SHORT
00024fa0,f33e_bit7_update_from_f0f8_gate,00025020,FUN_00025020,1.0,7,7,SKIPPED_TOO_SHORT
00024fb4,f0f8_bit12_active_bit11_clear_check,00025034,f0f8_bit12_active_bit11_clear_check,1.0,8,8,SKIPPED_TOO_SHORT
00024fc9,octane_level_gate_and_reset_dispatch,00025049,FUN_00025049,1.0,24,24,APPLIED
0002501d,tcu_slip_and_ff54_reinit_on_f20e_bit4,0002509d,FUN_0002509d,1.0,5,5,SKIPPED_TOO_SHORT
0002502d,per_cyl_knock_flag_update_cyl_a,000250ad,FUN_000250ad,1.0,14,14,SKIPPED_TOO_SHORT
00025057,tcu_slip_duty_gain_condition_check,000250d7,tcu_slip_duty_gain_condition_check,1.0,12,12,SKIPPED_TOO_SHORT
0002507a,per_cyl_knock_flag_update_cyl_b,000250fa,FUN_000250fa,1.0,16,16,APPLIED
000250ac,f3a4_bit12_13_update_and_check,0002512c,FUN_0002512c,1.0,26,26,APPLIED
000250fb,f3a4_bit10_update_dispatch,00025020,FUN_00025020,1.0,7,7,SKIPPED_TOO_SHORT
0002510f,f0ec_bit1_threshold_gate_check,0002518f,f0ec_bit1_threshold_gate_check,1.0,15,15,ALREADY_CORRECT
0002513a,f3ba_f3bc_f3a4_hysteresis_update,000251ba,f3ba_f3bc_f3a4_hysteresis_update,1.0,30,30,ALREADY_CORRECT
0002519e,f3a4_bit8_hysteresis_update,0002521e,f3a4_bit8_hysteresis_update,1.0,12,12,SKIPPED_TOO_SHORT
000251c4,knock_event_counter_update_eec6,00025244,FUN_00025244,1.0,41,41,APPLIED
0002523e,f3a4_bit6_gate_condition_check,000252be,FUN_000252be,1.0,19,19,APPLIED
00025277,knock_counter_condition_override_eec6,000252f7,knock_counter_condition_override_eec6,1.0,29,29,ALREADY_CORRECT
000252d3,octane_level_compute_from_knock_counter,00025353,FUN_00025353,1.0,14,14,SKIPPED_TOO_SHORT
000252f9,efc2_threshold_update,00025379,FUN_00025379,1.0,15,15,APPLIED
0002532a,f33e_multi_bit_update_dispatch,000253aa,FUN_000253aa,1.0,6,6,SKIPPED_TOO_SHORT
00025340,f33e_bit2_update_dispatch,000253c0,FUN_000253c0,1.0,18,18,APPLIED
00025378,f33e_bit2_source_condition_check,000253f8,f33e_bit2_source_condition_check,1.0,34,34,ALREADY_CORRECT
000253e1,f37a_correction_calc_from_f33e_bit2_or_f378,00025461,FUN_00025461,1.0,42,42,APPLIED
00025464,f33e_bit3_update_dispatch,000254e4,FUN_000254e4,1.0,9,9,SKIPPED_TOO_SHORT
0002547e,f33e_bit5_update_and_condition_check,000254fe,FUN_000254fe,1.0,28,28,APPLIED
000254d7,f33e_bit12_clear,00025557,f33e_bit12_clear,1.0,2,2,SKIPPED_TOO_SHORT
000254dd,f33e_bit11_bit10_hysteresis_gate_check,000251ba,f3ba_f3bc_f3a4_hysteresis_update,0.6667,33,30,SKIPPED_LOW_SIMILARITY
00025544,f20e_bit15_update_dispatch,000255c4,FUN_000255c4,1.0,9,9,SKIPPED_TOO_SHORT
0002555e,f20e_bit15_source_condition_check,000255de,f20e_bit15_source_condition_check,1.0,31,31,ALREADY_CORRECT
000255c0,f33e_bit4_update_dispatch,00025020,FUN_00025020,1.0,7,7,SKIPPED_TOO_SHORT
000255d4,f33e_bit1_hysteresis_gate_check,00025654,f33e_bit1_hysteresis_gate_check,1.0,24,24,ALREADY_CORRECT
0002561d,f33e_bit13_bit11_clear,00024ff6,mirror_f18a_to_f18e,0.8571,4,3,SKIPPED_TOO_SHORT
0002562b,isc_f342_composite_correction_calc,000256ab,FUN_000256ab,0.9487,82,74,SKIPPED_LOW_SIMILARITY
0002571a,isc_f344_correction_calc,00025782,FUN_00025782,1.0,15,15,APPLIED
00025742,isc_f34e_f34a_correction_calc,000257aa,FUN_000257aa,1.0,97,97,APPLIED
0002586f,isc_f35e_correction_calc,000258d7,FUN_000258d7,1.0,30,30,APPLIED
000258c4,select_value_f194_f196,0002592c,select_value_f194_f196,1.0,13,13,SKIPPED_TOO_SHORT
000258e8,isc_f34c_correction_calc,00025950,FUN_00025950,1.0,81,81,APPLIED
000259df,isc_f4d6_gated_offset_calc,00025a47,FUN_00025a47,1.0,27,27,APPLIED
00025a25,isc_f4d6_gate_condition_check,00025a8d,FUN_00025a8d,0.8667,17,13,SKIPPED_LOW_SIMILARITY
00025a59,isc_f36a_f36c_target_calc,00025ab3,FUN_00025ab3,1.0,48,48,APPLIED
00025aef,isc_f37c_ramp_target_calc,00025b49,FUN_00025b49,1.0,85,85,APPLIED
00025bfd,isc_f352_table_lookup,00025c57,FUN_00025c57,1.0,7,7,SKIPPED_TOO_SHORT
00025c15,isc_f354_table_lookup_conditional,00025c6f,FUN_00025c6f,1.0,17,17,APPLIED
00025c48,isc_f356_correction_calc,00025ca2,FUN_00025ca2,1.0,62,62,APPLIED
00025cff,f33e_bit15_hysteresis_update,00025d59,f33e_bit15_hysteresis_update,1.0,13,13,SKIPPED_TOO_SHORT
00025d27,isc_f358_correction_calc,00025d81,FUN_00025d81,1.0,89,89,APPLIED
00025e1b,isc_f35a_correction_calc,00025e75,FUN_00025e75,1.0,38,38,APPLIED
00025e8b,isc_f374_correction_calc,00025461,FUN_00025461,0.6154,62,42,SKIPPED_LOW_SIMILARITY
00025f45,isc_f36e_f370_target_calc,00025f1b,FUN_00025f1b,1.0,52,52,APPLIED
00025fee,isc_f350_correction_calc,00025fc4,FUN_00025fc4,1.0,15,15,APPLIED
0002601a,isc_f3b2_select,00025ff0,FUN_00025ff0,1.0,9,9,SKIPPED_TOO_SHORT
00026034,isc_f380_f37e_correction_calc,0002600a,FUN_0002600a,1.0,45,45,APPLIED
000260b6,isc_f360_f362_correction_calc,0002608c,FUN_0002608c,1.0,15,15,APPLIED
00026100,isc_stepper_position_reinit,00026100,isc_stepper_position_reinit,1.0,10,10,SKIPPED_TOO_SHORT
00026124,isc_stepper_mode_reinit_dispatch,00026124,isc_stepper_mode_reinit_dispatch,1.0,26,26,ALREADY_CORRECT
00026182,isc_stepper_position_dispatch,00026182,FUN_00026182,0.9362,25,22,SKIPPED_LOW_SIMILARITY
000261da,isc_periodic_update_dispatch,000261da,FUN_000261da,0.9444,19,17,SKIPPED_LOW_SIMILARITY
00026224,isc_f436_source_select_and_reset,00026224,FUN_00026224,0.625,13,19,SKIPPED_TOO_SHORT
00026251,isc_f416_f438_reset_on_f20e_bit4,0002626f,FUN_0002626f,1.0,9,9,SKIPPED_TOO_SHORT
00026271,f3fa_f3fe_target_select_by_f0f8_bit5,0002628f,f3fa_f3fe_target_select_by_f0f8_bit5,1.0,13,13,SKIPPED_TOO_SHORT
0002629b,idle_target_rpm_compute_f400,000262b9,FUN_000262b9,0.9206,58,68,SKIPPED_LOW_SIMILARITY
0002634d,isc_f41a_correction_calc,0002638b,FUN_0002638b,1.0,76,76,APPLIED
00026436,f3f0_f42e_correction_calc,00026474,FUN_00026474,1.0,93,93,APPLIED
0002655d,isc_f426_f03a_decay_calc,0002659b,FUN_0002659b,1.0,32,32,APPLIED
000265c9,f4de_f4e2_octane_correction_calc,00026607,FUN_00026607,1.0,91,91,APPLIED
000266e2,multi_channel_update_max_dispatch,00026720,FUN_00026720,0.9315,156,136,SKIPPED_LOW_SIMILARITY
000268b3,update_max,000268f1,update_max,1.0,7,7,SKIPPED_TOO_SHORT
000268c4,calc_f40e_threshold_select,00026902,calc_f40e_threshold_select,1.0,10,10,SKIPPED_TOO_SHORT
000268e2,idle_stepper_table_lookup_wrapper,00026920,FUN_00026920,1.0,16,16,APPLIED
00026914,isc_f036_f424_ramp_calc,00026952,FUN_00026952,1.0,25,25,APPLIED
00026966,isc_f416_f438_dispatch,000269a4,FUN_000269a4,1.0,6,6,SKIPPED_TOO_SHORT
0002697c,f3f0_bit6_clear,000269ba,f3f0_bit6_clear,1.0,2,2,SKIPPED_TOO_SHORT
00026982,f3f0_bit13_14_15_hysteresis_gate_check,00026ca4,isc_f3f2_bit6_hysteresis_gate_check,0.6341,43,39,SKIPPED_LOW_SIMILARITY
00026a09,isc_f416_f438_correction_calc,00026a47,FUN_00026a47,0.9688,31,33,SKIPPED_LOW_SIMILARITY
00026a63,f0f8_bit_based_constant_select,00026aa7,f0f8_bit_based_constant_select,1.0,20,20,ALREADY_CORRECT
00026a99,f3f4_bit7_update_dispatch,00026add,FUN_00026add,1.0,7,7,SKIPPED_TOO_SHORT
00026aad,efc8_zero_condition_check,00026af1,efc8_zero_condition_check,1.0,14,14,SKIPPED_TOO_SHORT
00026ad8,isc_f438_correction_calc,00026b1c,FUN_00026b1c,0.9455,58,52,SKIPPED_LOW_SIMILARITY
00026b8b,stub_empty_0x26b8b,00026eec,FUN_00026eec,1.0,1,1,SKIPPED_TOO_SHORT
00026b8d,isc_f428_condition_calc,00026c03,isc_f428_condition_calc,1.0,18,18,ALREADY_CORRECT
00026bc7,isc_f422_correction_calc,00026c3d,FUN_00026c3d,1.0,33,33,APPLIED
00026c2e,isc_f3f2_bit6_hysteresis_gate_check,00026ca4,isc_f3f2_bit6_hysteresis_gate_check,1.0,39,39,ALREADY_CORRECT
00026ca4,isc_f084_f3f0_bit8_update,00026d1a,isc_f084_f3f0_bit8_update,1.0,25,25,ALREADY_CORRECT
00026cf0,isc_f42a_table_lookup,00026d66,FUN_00026d66,1.0,29,29,APPLIED
00026d4d,isc_f42c_correction_calc,00026dc3,FUN_00026dc3,0.875,18,14,SKIPPED_LOW_SIMILARITY
00026d86,isc_f3f0_bit2_hysteresis_gate_check,00026dfc,isc_f3f0_bit2_hysteresis_gate_check,1.0,35,35,ALREADY_CORRECT
00026dfa,f490_bits01_or_default_select,00026e70,f490_bits01_or_default_select,1.0,6,6,SKIPPED_TOO_SHORT
00026e0e,isc_f3f0_bit3_and_f434_update,00026e84,isc_f3f0_bit3_and_f434_update,1.0,35,35,ALREADY_CORRECT
00026e76,stub_empty_0x26e76,00026eec,FUN_00026eec,1.0,1,1,SKIPPED_TOO_SHORT
00026e78,isc_stepper_state_dispatch,00026eee,FUN_00026eee,1.0,49,49,APPLIED
00026f12,isc_stepper_position_reached_check,00026f88,FUN_00026f88,1.0,30,30,APPLIED
00026f67,isc_stepper_state_reinit_and_target_select,00026fdd,FUN_00026fdd,1.0,7,7,SKIPPED_TOO_SHORT
00026f82,isc_stepper_output_state_machine_eed4,00026ff8,FUN_00026ff8,1.0,57,57,APPLIED
00027032,f3f0_target_state_reset_and_reload,000270a8,FUN_000270a8,0.8696,13,10,SKIPPED_TOO_SHORT
0002705b,isc_stepper_mode_state_reload_b,000270d1,FUN_000270d1,1.0,28,28,APPLIED
000270b5,isc_stepper_mode_state_reload_c,0002712b,FUN_0002712b,1.0,11,11,SKIPPED_TOO_SHORT
000270db,isc_stepper_mode_state_reload_d,00027151,FUN_00027151,1.0,15,15,APPLIED
0002710d,isc_efd0_gate_condition_check,00027183,isc_efd0_gate_condition_check,1.0,22,22,ALREADY_CORRECT
00027152,isc_f408_f406_stepper_target_calc,000271c8,FUN_000271c8,1.0,23,23,APPLIED
00027198,isc_stepper_target_dispatch,0002720e,FUN_0002720e,1.0,30,30,APPLIED
000271f8,f3f0_bit0_update,0002726e,f3f0_bit0_update,1.0,10,10,SKIPPED_TOO_SHORT
0002721a,f3f4_bit0_update_and_check,00027290,f3f4_bit0_update_and_check,1.0,18,18,ALREADY_CORRECT
0002724f,isc_stepper_trim_dispatch,000274db,FUN_000274db,0.8571,4,3,SKIPPED_TOO_SHORT
0002725d,isc_f402_stepper_target_calc,000272d3,FUN_000272d3,0.8421,11,8,SKIPPED_TOO_SHORT
00027281,f414_trim_calc_gated_by_f0f8_f3f0,000272f7,FUN_000272f7,1.0,22,22,APPLIED
000272c6,isc_f408_correction_calc,0002733c,FUN_0002733c,1.0,70,70,APPLIED
0002739e,f0f8_bit5_constant_select,00027414,f0f8_bit5_constant_select,1.0,10,10,SKIPPED_TOO_SHORT
000273b8,isc_stepper_target_clamp_calc,0002742e,FUN_0002742e,1.0,34,34,APPLIED
00027416,isc_f408_from_f402_dispatch,0002748c,FUN_0002748c,1.0,5,5,SKIPPED_TOO_SHORT
00027428,isc_efd4_gate_condition_check,0002749e,isc_efd4_gate_condition_check,1.0,21,21,ALREADY_CORRECT
00027465,isc_stepper_correction_dispatch_b,000269a4,FUN_000269a4,1.0,6,6,SKIPPED_TOO_SHORT
0002747b,isc_f402_composite_correction_calc,000274f1,FUN_000274f1,0.7771,96,61,SKIPPED_LOW_SIMILARITY
00027597,isc_f41c_table_lookup,00027414,f0f8_bit5_constant_select,0.7826,13,10,SKIPPED_TOO_SHORT
000275c2,isc_f41e_table_lookup,000275fe,FUN_000275fe,0.9462,44,49,SKIPPED_LOW_SIMILARITY
00027644,f3f4_bit2_3_4_hysteresis_gate_check,00026ca4,isc_f3f2_bit6_hysteresis_gate_check,0.5476,45,39,SKIPPED_LOW_SIMILARITY
000276d3,f0f8_gated_constant_select_f3f4_neighbor,000277de,f216_bit6_constant_select,0.9333,15,15,SKIPPED_LOW_SIMILARITY
000276fb,isc_f420_correction_calc,00027747,FUN_00027747,1.0,50,50,APPLIED
00027792,f216_bit6_constant_select,000277de,f216_bit6_constant_select,1.0,15,15,ALREADY_CORRECT
000277b8,isc_f42e_or_default_select,00027804,isc_f42e_or_default_select,1.0,15,15,ALREADY_CORRECT
000277de,isc_f038_constant_select,0002782a,isc_f038_constant_select,1.0,27,27,ALREADY_CORRECT
0002782a,f0f8_bit9_constant_or_calc_select,00027876,FUN_00027876,1.0,18,18,APPLIED
0002785a,f490_bits01_constant_select,000278a6,f490_bits01_constant_select,1.0,26,26,ALREADY_CORRECT
000278a4,f3f0_bit8_constant_select,000277de,f216_bit6_constant_select,1.0,15,15,SKIPPED_ALREADY_NAMED
000278ca,f0f8_masked_constant_select,00027916,f0f8_masked_constant_select,1.0,14,14,SKIPPED_TOO_SHORT
000278ef,isc_f416_f3f0_bit5_gate_check,000277de,f216_bit6_constant_select,0.6,25,15,SKIPPED_LOW_SIMILARITY
00027933,isc_f3fa_f3fe_dispatch,0002797f,FUN_0002797f,1.0,12,12,SKIPPED_TOO_SHORT
00027959,isc_f406_ramp_gate_condition_check,000279a5,FUN_000279a5,0.95,19,21,SKIPPED_LOW_SIMILARITY
00027990,isc_f3fa_f3fc_f3fe_correction_calc,000279e2,FUN_000279e2,1.0,33,33,APPLIED
000279f1,select_const_by_flags_eeca,00027a43,FUN_00027a43,1.0,17,17,APPLIED
00027a20,isc_eeca_update_dispatch,00027a72,FUN_00027a72,1.0,5,5,SKIPPED_TOO_SHORT
00027a2e,isc_eeca_update_gate_condition_check,00027a80,FUN_00027a80,1.0,30,30,APPLIED
00027a81,isc_eeca_eecc_eece_correction_calc,00027ad3,FUN_00027ad3,1.0,59,59,APPLIED
00027b2b,isc_f408_composite_dispatch,00027b7d,FUN_00027b7d,1.0,22,22,APPLIED
00027b6e,isc_f3fa_f3fc_f3fe_select,00027a43,select_const_by_flags_eeca,1.0,17,17,SKIPPED_ALREADY_NAMED
00027b9d,isc_f406_clamp_dispatch,00027bef,FUN_00027bef,1.0,13,13,SKIPPED_TOO_SHORT
00027bc6,isc_table_read_byte_clamped_2eca,000270a8,FUN_000270a8,0.48,15,10,SKIPPED_LOW_SIMILARITY
00027beb,isc_f412_f082_stall_timer_calc,00027c3d,FUN_00027c3d,1.0,42,42,APPLIED
00027c6d,mirror_f406_f408_to_f40a_f40c,00027cbf,mirror_f406_f408_to_f40a_f40c,1.0,5,5,SKIPPED_TOO_SHORT
00027c80,startup_phase_reset_wrapper,00027d00,FUN_00027d00,1.0,2,2,SKIPPED_TOO_SHORT
00027c86,warmup_state_f594_f0e6_init,00027d06,warmup_state_f594_f0e6_init,1.0,5,5,SKIPPED_TOO_SHORT
00027c99,engine_warmup_periodic_dispatch,00027d19,FUN_00027d19,1.0,8,8,SKIPPED_TOO_SHORT
00027cb7,startup_phase_reset_eed6_cluster,00027d37,FUN_00027d37,1.0,37,37,APPLIED
00027d33,eeea_bit0_update_on_efa2,00027db3,eeea_bit0_update_on_efa2,1.0,11,11,SKIPPED_TOO_SHORT
00027d55,knock_sensor_diagnostic_update,00027dd5,FUN_00027dd5,1.0,62,62,APPLIED
00027e1a,f516_request_latch_f09a_calib_select,00027e9a,FUN_00027e9a,1.0,36,36,APPLIED
00027e92,engine_warmup_dispatch_b,000274db,FUN_000274db,1.0,3,3,SKIPPED_TOO_SHORT
00027e9c,f502_state_table_dispatch,00027f1c,FUN_00027f1c,0.9682,81,76,SKIPPED_LOW_SIMILARITY
00027f60,f502_state_index_update,00027fe0,FUN_00027fe0,0.9455,29,26,SKIPPED_LOW_SIMILARITY
00027fb1,f17a_load_zone_and_ef96_f1d8_check,00029d8b,FUN_00029d8b,0.5,20,16,SKIPPED_LOW_SIMILARITY
0002800a,phase_dispatch_efa2_f500_f5ee_gate_check,000277de,f216_bit6_constant_select,0.5455,18,15,SKIPPED_LOW_SIMILARITY
00028082,f17a_f13c_load_zone_and_f514_gate_check,00027804,isc_f42e_or_default_select,0.5556,21,15,SKIPPED_LOW_SIMILARITY
00028279,eee4_eeda_bit6_update_from_f0f8_bit12,000282a9,FUN_000282a9,1.0,25,25,APPLIED
000282c1,eee0_eeee_diag_flags_reset_dispatch,000282f1,FUN_000282f1,1.0,111,111,APPLIED
00028413,startup_phase_reset_eed6_eefa_bulk,00028443,FUN_00028443,1.0,39,39,APPLIED
000284a3,knock_octane_f0e6_bit3_gate_dispatch,000284d3,FUN_000284d3,0.9836,60,62,APPLIED
00028557,knock_octane_pattern_match_state_machine,0002858e,FUN_0002858e,1.0,128,128,APPLIED
00028700,f516_hibits_f520_f0f2_mode_select,00028700,FUN_00028700,0.9565,60,55,SKIPPED_LOW_SIMILARITY
000287af,sci1_protocol_state_machine,000287af,FUN_000287af,0.8947,40,36,SKIPPED_LOW_SIMILARITY
0002882b,sci1_dispatch_and_latch_response,0002881d,FUN_0002881d,1.0,20,20,APPLIED
00028869,sci1_meta_cmd_dispatch_c0_ff,0002885b,FUN_0002885b,0.9772,202,193,APPLIED
00028acf,f00e_f520_f526_gate_condition_check,00028ac1,FUN_00028ac1,0.913,25,21,SKIPPED_LOW_SIMILARITY
00028b1b,f510_f512_f00e_f514_reset,00028b0d,f510_f512_f00e_f514_reset,1.0,5,5,SKIPPED_TOO_SHORT
00028b2f,sci1_periodic_phase_dispatch_f526,00029d40,FUN_00029d40,0.3333,11,7,SKIPPED_TOO_SHORT
00028b62,f588_duty_gate_f516_bit11_set,000277de,f216_bit6_constant_select,0.3846,11,15,SKIPPED_TOO_SHORT
00028b89,phase_cases_1to6_f516_hibit_f54a_writer,00028700,FUN_00028700,0.3448,90,55,SKIPPED_LOW_SIMILARITY
00028cc8,phase_case7_f590_gate_advance_or_latch,00027bef,FUN_00027bef,0.5263,25,13,SKIPPED_LOW_SIMILARITY
00028d23,f526_state_reset_dispatch,0002881d,FUN_0002881d,0.6667,25,20,SKIPPED_LOW_SIMILARITY
00028d7d,diagnostic_snapshot_f54a_f566_build,0002b3c6,FUN_0002b3c6,0.5441,82,54,SKIPPED_LOW_SIMILARITY
00028f00,isc_f35c_correction_calc,00028d00,FUN_00028d00,1.0,6,6,SKIPPED_TOO_SHORT
00028f13,f430_clear,00028d13,FUN_00028d13,1.0,3,3,SKIPPED_TOO_SHORT
00028f1b,f432_clear,00028d13,FUN_00028d13,1.0,3,3,SKIPPED_TOO_SHORT
00028f80,stub_empty_0x28f80,00028d80,FUN_00028d80,1.0,1,1,SKIPPED_TOO_SHORT
00028f82,o2_wideband_state_cold_init,00028d82,o2_wideband_state_cold_init,1.0,13,13,SKIPPED_TOO_SHORT
00028fbc,o2_wideband_state_warm_init,00028dbc,o2_wideband_state_warm_init,1.0,18,18,ALREADY_CORRECT
00028fff,tcu_shift_torque_and_knock_mgmt,00028dff,FUN_00028dff,1.0,1003,1003,APPLIED
00029c33,tcu_f384_f388_hysteresis_gate_check,00029a33,FUN_00029a33,1.0,22,22,APPLIED
00029c68,tcu_shift_state_reset,00029a68,FUN_00029a68,1.0,15,15,APPLIED
00029c9f,tcu_torque_state_reset,00029a9f,FUN_00029a9f,1.0,9,9,SKIPPED_TOO_SHORT
00029cc7,tcu_shift_timing_state_machine,00029ac7,FUN_00029ac7,1.0,202,202,APPLIED
00029f40,tcu_shift_timer_reset,00029d40,FUN_00029d40,1.0,7,7,SKIPPED_TOO_SHORT
00029f57,tcu_shift_timer_arm,00029d57,FUN_00029d57,1.0,17,17,APPLIED
00029f8b,tcu_f382_correction_calc,00029d8b,FUN_00029d8b,1.0,16,16,APPLIED
00029fba,fuel_pw_and_airvol_compute,00029dba,FUN_00029dba,0.9487,663,629,SKIPPED_LOW_SIMILARITY
0002a796,tcu_periodic_timer_update,0002a54e,tcu_periodic_timer_update,1.0,31,31,ALREADY_CORRECT
0002a7f7,f2cc_offset_accumulate,0002a5af,FUN_0002a5af,1.0,27,27,APPLIED
0002a83b,channel_enable_mask_build_and_dispatch_ff2x_ff3x,0002a5f3,FUN_0002a5f3,1.0,26,26,APPLIED
0002a882,diag_status_f200_f50e_update,0002a63a,FUN_0002a63a,1.0,25,25,APPLIED
0002a8cf,stub_empty_0x2a8cf,00028d80,FUN_00028d80,1.0,1,1,SKIPPED_TOO_SHORT
0002a8d1,stub_empty_0x2a8d1,00028d80,FUN_00028d80,1.0,1,1,SKIPPED_TOO_SHORT
0002a8d3,sci3_rx_process_tcu_byte,0002a68b,FUN_0002a68b,1.0,32,32,APPLIED
0002a980,tcu_gear_ratio_state_init,0002a700,tcu_gear_ratio_state_init,1.0,6,6,SKIPPED_TOO_SHORT
0002a997,throttle_idle_state_cold_init,0002a717,FUN_0002a717,1.0,39,39,APPLIED
0002aa36,tcu_rx_main_scheduler,00028dff,FUN_00028dff,0.89,1127,1003,SKIPPED_LOW_SIMILARITY
0002b880,tcu_gear_shift_history_reset,0002b380,FUN_0002b380,0.9677,16,15,SKIPPED_LOW_SIMILARITY
0002b8ca,tcu_diagnostic_state_cold_init,0002b3c6,FUN_0002b3c6,0.9298,60,54,SKIPPED_LOW_SIMILARITY
0002b9a5,tcu_shift_flags_dispatch,0002b48c,FUN_0002b48c,0.9,22,18,SKIPPED_LOW_SIMILARITY
0002b9f4,tcu_shift_solenoid_table_init,0002b4cf,FUN_0002b4cf,1.0,130,130,APPLIED
0002bbbb,tcu_shift_timer_scale_init,0002b696,FUN_0002b696,1.0,27,27,APPLIED
0002bc0f,tcu_dtc_status_check_dispatch,0002b6ea,FUN_0002b6ea,1.0,132,132,APPLIED
0002bdb3,update_max_f04e,0002b88e,FUN_0002b88e,1.0,8,8,SKIPPED_TOO_SHORT
0002bdc7,tcu_f050_max_update,0002b88e,FUN_0002b88e,1.0,8,8,SKIPPED_TOO_SHORT
0002bddb,tcu_torque_converter_slip_calc_far_trampoline,00028d80,FUN_00028d80,0.6667,2,1,SKIPPED_TOO_SHORT
0002bde1,tcu_torque_converter_slip_calc,0002b6ea,FUN_0002b6ea,0.4828,158,132,SKIPPED_LOW_SIMILARITY
0002bfc9,tiered_threshold_table_select,0002a5af,FUN_0002a5af,0.5333,33,27,SKIPPED_LOW_SIMILARITY
0002c028,tcu_shift_quality_index_calc,0002a5af,FUN_0002a5af,0.4146,55,27,SKIPPED_LOW_SIMILARITY
0002c0bd,tcu_shift_pattern_threshold_select,00028dbc,o2_wideband_state_warm_init,0.4516,44,18,SKIPPED_LOW_SIMILARITY
0002c129,stub_empty_0x2c129,00028d80,FUN_00028d80,1.0,1,1,SKIPPED_TOO_SHORT
0002c12b,tcu_periodic_dispatch,0002b8b8,FUN_0002b8b8,1.0,21,21,APPLIED
0002c16e,tcu_shift_ratio_buffer_update,0002b8fb,FUN_0002b8fb,1.0,120,120,APPLIED
0002c2d9,tcu_solenoid_diagnostic_calc,0002ba66,FUN_0002ba66,0.8768,515,402,SKIPPED_LOW_SIMILARITY
0002c8e9,tcu_shift_buffer_average_calc,0002b6ea,FUN_0002b6ea,0.5061,113,132,SKIPPED_LOW_SIMILARITY
0002ca68,coldinit_f6c0_f7c8_state_clear_and_intc_flag_read,0002b380,FUN_0002b380,0.4878,26,15,SKIPPED_LOW_SIMILARITY
0002cac4,tcu_gear_ratio_calc,0002bf36,FUN_0002bf36,1.0,271,271,APPLIED
0002cdf6,tcu_lockup_clutch_state_update,0002c268,FUN_0002c268,1.0,79,79,APPLIED
