rvr_address,name,evo5_status,evo5_address,evo5_prior_name
00014000,sat_add_u16,APPLIED,00014000,sat_add_u16
0001401f,sat_add_s16,APPLIED,0001401f,sat_add_s16
00014036,sat_sub_u16,APPLIED,00014036,sat_sub_u16
00014045,sat_sub_u16_clamp0,APPLIED,00014045,sat_sub_u16_clamp0
0001405c,sat_mul_u16,APPLIED,0001405c,sat_mul_u16
0001406f,mul_u16_hi,APPLIED,0001406f,mul_u16_hi
00014079,mul_u16_x2_or_sum_check_overflow,NO_FUNCTION,,
000140c0,div_u16_sat,APPLIED,000140c0,div_u16_sat
000140dc,div_u32_u16_sat,APPLIED,000140dc,div_u32_u16_sat
000140fc,div_u16_sat2,NO_FUNCTION,,
0001412b,div_u16_rounded,APPLIED,0001412b,div_u16_rounded
00014151,div_s32_s16_rounded,APPLIED,00014151,div_s32_s16_rounded
0001417d,div_u32_u16_rounded,APPLIED,0001417d,div_u32_u16_rounded
000141ba,muldiv_u16,APPLIED,000141ba,muldiv_u16
000141dc,muldiv_u16_scaled,APPLIED,000141dc,muldiv_u16_scaled
00014219,muldiv_s16_rounded,APPLIED,00014219,muldiv_s16_rounded
00014247,muldiv_s16_rounded_3op,APPLIED,00014247,muldiv_s16_rounded_3op
00014293,mul_u16_x2_sat_alt,APPLIED,00014293,mul_u16_x2_sat_alt
000142b4,mul_u16_sat_s16,APPLIED,000142b4,mul_u16_sat_s16
000142f3,mul_u16_x2_sat,APPLIED,000142f3,mul_u16_x2_sat
0001431f,mul_u16_dbl_sat,NO_FUNCTION,,
0001436c,mul_u16_shr8_sat,APPLIED,0001436c,mul_u16_shr8_sat
00014387,muldiv_u16_shr8_sat,APPLIED,00014387,muldiv_u16_shr8_sat
000143bf,mul_fixedpoint_8,APPLIED,000143bf,mul_fixedpoint_8
000143e8,mul_u16_shr8_sat2,NO_FUNCTION,,
0001442d,clamp_u8,APPLIED,0001442d,clamp_u8
0001443c,passthrough_or_sat,APPLIED,0001443c,passthrough_or_sat
0001444c,clamp_u16,APPLIED,0001444c,clamp_u16
00014471,select_min_xy_triple,APPLIED,00014471,select_min_xy_triple
000144b4,get_high_byte,APPLIED,000144b4,get_high_byte
000144bf,identity_passthrough_u16,APPLIED,000144bf,identity_passthrough_u16
000144c6,shift_left_byte_to_high,APPLIED,000144c6,shift_left_byte_to_high
000144d1,identity_passthrough_arg1,APPLIED,000144d1,identity_passthrough_arg1
000144da,round_high_byte_signed,APPLIED,000144da,round_high_byte_signed
000144ef,inc_if_signed_flag,APPLIED,000144ef,inc_if_signed_flag
00014502,swap_bytes_u16,NO_FUNCTION,,
0001450b,swap_invert_high_byte,APPLIED,0001450b,swap_invert_high_byte
0001451a,zero_ram_range,APPLIED,0001451a,zero_ram_range
0001452d,decrement_counters_in_range,APPLIED,0001452d,decrement_counters_in_range
0001454c,increment_counters_in_range,APPLIED,0001454c,increment_counters_in_range
0001456d,axis_interp_lerp_u8frac_256,APPLIED,0001456d,axis_interp_lerp_u8frac_256
00014599,weighted_blend_u8frac,APPLIED,00014599,weighted_blend_u8frac
000145c5,weighted_blend_4term_u8frac,APPLIED,000145c5,weighted_blend_4term_u8frac
0001460d,weighted_blend_2term_u8frac_div255,NO_FUNCTION,,
00014656,table_lookup_interp,APPLIED,00014656,FUN_00014656
00014735,axis_lookup_interp,APPLIED,00014735,axis_lookup_interp
000147c6,axis_interp_lerp_u8frac,APPLIED,000147c6,axis_interp_lerp_u8frac
0001481c,read_indexed_byte_f1fc,APPLIED,0001481c,read_indexed_byte_f1fc
00014838,table_read_word_indexed_f1fc,NO_FUNCTION,,
00014854,table_lookup_indexed,APPLIED,00014854,FUN_00014854
00014880,table_read_indexed,APPLIED,00014880,FUN_00014880
000148a2,table_3axis_interp_triple,UNVERIFIED_HASH_MISMATCH,000148a2,FUN_000148a2
0001497b,table_3axis_interp_triple_wrapper,NO_FUNCTION,,
000149a7,gear_indexed_table_lookup_f1fc,NO_FUNCTION,,
000149c8,init_copy_const_block_via_memcpy_banked,UNVERIFIED_HASH_MISMATCH,000149c8,FUN_000149c8
000149f5,eeprom_backup_table_write_dispatch,APPLIED,000149f5,FUN_000149f5
00014d6f,channel_validity_gated_handler_dispatch,APPLIED,00014d6f,FUN_00014d6f
00014dd8,adc_backup_snapshot_write_if_time_elapsed,APPLIED,00014dd8,FUN_00014dd8
00014edd,channel_periodic_update_ringbuf_snapshot,APPLIED,00014edd,FUN_00014edd
0001504b,adc_5channel_backup_snapshot_write,APPLIED,0001504b,FUN_0001504b
0001517c,entry,APPLIED,0001517c,entry
0001519e,stub_empty_0x1519e,APPLIED,0001519e,FUN_0001519e
000151a0,noop_return,APPLIED,000151a0,FUN_000151a0
000151a2,peripheral_register_cold_init,UNVERIFIED_HASH_MISMATCH,000151a2,FUN_000151a2
0001528c,peripheral_register_warm_init,APPLIED,0001528c,FUN_0001528c
00015319,update_flag_f9a0_bit6_cond,APPLIED,00015319,update_flag_f9a0_bit6_cond
00015341,compose_status_words_f0f6_fc,APPLIED,00015341,compose_status_words_f0f6_fc
00015477,compose_status_word_f102,APPLIED,00015477,FUN_00015477
0001553d,check_flag_fe96_bit7_clear,APPLIED,0001553d,check_flag_fe96_bit7_clear
00015549,check_flag_f0d8_bit0_clear,APPLIED,00015549,FUN_00015549
00015555,check_flag_fe87_bit1_clear,APPLIED,00015555,check_flag_fe87_bit1_clear
00015561,check_flag_fe8a_bit1_set,APPLIED,00015561,check_flag_fe8a_bit1_set
0001556d,adc_read_sequence_main,APPLIED,0001556d,FUN_0001556d
0001566c,adc_channel_read_and_store_f16e,APPLIED,0001566c,FUN_0001566c
00015689,adc_read_sequence_b,APPLIED,00015689,FUN_00015689
000156ad,adc_read_channel_6,APPLIED,000156ad,FUN_000156ad
000156c2,zero_var_f15a,APPLIED,000156c2,zero_var_f15a
000156c8,identity_passthrough_u16_b,APPLIED,000156c8,identity_passthrough_u16_b
000156ce,mirror_status_f0e6_to_ports,APPLIED,000156ce,mirror_status_f0e6_to_ports
0001578f,mirror_status_f0ea_to_ports,APPLIED,0001578f,FUN_0001578f
00015857,update_flag_fe97_bit2_cond,APPLIED,00015857,update_flag_fe97_bit2_cond
00015877,update_flag_fe82_bit2_cond,APPLIED,00015877,update_flag_fe82_bit2_cond
00015897,toggle_flag_fe8b_bit4,APPLIED,00015897,toggle_flag_fe8b_bit4
0001589d,clear_flag_fe93_bit4,APPLIED,0001589d,clear_flag_fe93_bit4
000158a7,update_port_fe82_indexed,APPLIED,000158a7,update_port_fe82_indexed
000158d7,software_pwm_output_scheduler,APPLIED,000158d7,software_pwm_output_scheduler
00015a06,serial_fef9_duty_scale_and_set,APPLIED,00015a06,FUN_00015a06
00015a3a,init_scale_factor_f9ac,APPLIED,00015a3a,init_scale_factor_f9ac
00015a6c,identity_passthrough_arg1_unused,NO_FUNCTION,,
00015a76,peripheral_regs_ff2x_ff9x_bulk_zero_init,APPLIED,00015a76,peripheral_regs_ff2x_ff9x_bulk_zero_init
00015aff,init_reg_feb8_feb9,APPLIED,00015aff,init_reg_feb8_feb9
00015b0b,noop_return_void,APPLIED,00015b0b,FUN_00015b0b
00015b0d,adc_channel_convert_and_read,APPLIED,00015b0d,adc_channel_convert_and_read
00015b3f,init_state_block_f97a,APPLIED,00015b3f,FUN_00015b3f
00015b90,init_flags_ff51_52,APPLIED,00015b90,init_flags_ff51_52
00015b9e,sci1_timing_period_tracker,APPLIED,00015b9e,FUN_00015b9e
00015c0a,isr_sci1_eri_reset_timeout,APPLIED,00015c0a,FUN_00015c0a
00015c6c,detect_sci1_param_change_reset,APPLIED,00015c6c,detect_sci1_param_change_reset
00015caa,isr_sci1_eri,APPLIED,00015caa,FUN_00015caa
00015cbd,timer_block_cold_init,APPLIED,00015cbd,FUN_00015cbd
00015d36,timer_block_cold_init_b,APPLIED,00015d36,timer_block_cold_init_b
00015d92,isr_sci2_eri,APPLIED,00015d92,FUN_00015d92
00015dd0,timer_ff41_ff44_ff4a_cold_init,APPLIED,00015dd0,timer_ff41_ff44_ff4a_cold_init
00015e01,timer_ff41_ff42_warm_init,APPLIED,00015e01,timer_ff41_ff42_warm_init
00015e17,sci3_timeout_set_abort,APPLIED,00015e17,sci3_timeout_set_abort
00015e79,sci3_timeout_set_retry,APPLIED,00015e79,FUN_00015e79
00015edb,sci3_timeout_clear_flag,APPLIED,00015edb,sci3_timeout_clear_flag
00015f1a,timer_ff44_ff4a_arm_channels_atomic,APPLIED,00015f1a,timer_ff44_ff4a_arm_channels_atomic
00015f71,timer4_oc_arm_from_flags,APPLIED,00015f71,timer4_oc_arm_from_flags
00015fc8,isr_sci3_rxi,APPLIED,00015fc8,FUN_00015fc8
00015fec,isr_sci3_txi,APPLIED,00015fec,FUN_00015fec
00016029,compose_status_bits_fe86_fe8a,APPLIED,00016029,compose_status_bits_fe86_fe8a
00016059,peripheral_block_ff15_cold_init,APPLIED,00016059,peripheral_block_ff15_cold_init
0001609d,peripheral_block_ff15_warm_init,APPLIED,0001609d,peripheral_block_ff15_warm_init
000160d9,isr_nmi,APPLIED,000160d9,isr_nmi
00016102,peripheral_reg_ff1d_cold_init,APPLIED,00016102,FUN_00016102
00016109,peripheral_reg_ff1d_warm_init,APPLIED,00016109,FUN_00016109
00016110,latch_flag_read_fede_bit1,APPLIED,00016110,latch_flag_read_fede_bit1
00016128,check_flag_fede_bit2_clear_if_set,NO_FUNCTION,,
00016140,latch_flag_read_fede_bit3,APPLIED,00016140,latch_flag_read_fede_bit3
00016158,stub_empty_0x16158,APPLIED,00016158,FUN_00016158
0001615a,stub_empty_0x1615a,APPLIED,0001615a,FUN_0001615a
0001615c,propagate_flag_fe96_to_f0d8_db,APPLIED,0001615c,propagate_flag_fe96_to_f0d8_db
000161ba,peripheral_block_ff90_cold_init,APPLIED,000161ba,FUN_000161ba
000161d0,peripheral_block_ff90_warm_init,APPLIED,000161d0,FUN_000161d0
000161e6,scale_counter_ff96_to_byte_clamped,APPLIED,000161e6,scale_counter_ff96_to_byte_clamped
00016222,init_state_block_ff21,APPLIED,00016222,init_state_block_ff21
0001626c,peripheral_block_ff21_warm_init,APPLIED,0001626c,peripheral_block_ff21_warm_init
00016297,multi_channel_reg_write_and_poll_ff2x_ff3x,APPLIED,00016297,multi_channel_reg_write_and_poll_ff2x_ff3x
000163cc,isr_adi_adc,APPLIED,000163cc,FUN_000163cc
000163eb,ff2a_set_clamped_to_ff26p2_atomic,NO_FUNCTION,,
00016410,compose_fe86_fe8a_status_nibble,APPLIED,00016410,compose_fe86_fe8a_status_nibble
0001643a,timer_ff51_ff54_arm_init,APPLIED,0001643a,timer_ff51_ff54_arm_init
0001645e,timer_ff51_ff52_disarm,APPLIED,0001645e,timer_ff51_ff52_disarm
0001646c,init_state_block_ff54,APPLIED,0001646c,init_state_block_ff54
00016488,timer_ff5a_set_clamped_armed,APPLIED,00016488,timer_ff5a_set_clamped_armed
000164b7,serial_fef4_cold_init,UNVERIFIED_HASH_MISMATCH,000164b7,FUN_000164b7
000164da,serial_fef4_warm_init,NO_FUNCTION,,
000164f8,serial_fef1_set_clamped,NO_FUNCTION,,
00016505,serial_fef5_set_clamped,NO_FUNCTION,,
00016512,serial_fef9_set_clamped,NO_FUNCTION,,
0001651f,peripheral_block_fec0_fed0_cold_init,NO_FUNCTION,,
0001655a,peripheral_fec0_fed0_state_update,NO_FUNCTION,,
00016600,serial_fec3_load_byte0_init,NO_FUNCTION,,
00016631,serial_fec3_load_next_byte,NO_FUNCTION,,
00016680,serial_fec5_byte_to_fifo,NO_FUNCTION,,
000166cd,latch_request_f588,NO_FUNCTION,,
000166d7,sci1_tx_response_feeder,NO_FUNCTION,,
00016716,sci1_rx_frame_accumulator,NO_FUNCTION,,
0001677c,sci_request_latch_f58a_conditional,NO_FUNCTION,,
00016786,sci_fifo_f58a_advance_and_load_fed3,NO_FUNCTION,,
000167c5,fedd5_fifo_rx_store_byte,NO_FUNCTION,,
0001682b,isr_tpu5_tgi5a_sci1_rx_poll,NO_FUNCTION,,
00016865,isr_tpu5_tgi5b_sci1_tie_clear,NO_FUNCTION,,
00016872,isr_tpu5_tci5u,NO_FUNCTION,,
00016890,init_state_sentinels_f5d2,NO_FUNCTION,,
000168d9,peripheral_ff42_ff62_enable,NO_FUNCTION,,
000168e3,isr_ipu_ch2ch4_input_capture,NO_FUNCTION,,
00016a97,flag_read_ff43_bit0_inverted,NO_FUNCTION,,
00016aa3,peripheral_block_ff70_ff88_cold_init,NO_FUNCTION,,
00016b83,peripheral_block_ff70_ff88_warm_init,NO_FUNCTION,,
00016c09,f978_read_and_clear,NO_FUNCTION,,
00016c13,f978_increment_on_ff73_bit0,NO_FUNCTION,,
00016c33,ff88_set_scaled_clamped,NO_FUNCTION,,
00016c4f,isr_tpu3_tgi3a,NO_FUNCTION,,
00016d40,pwm_ch0_period_track_update,NO_FUNCTION,,
00016e1c,pwm_ch1_period_track_update,NO_FUNCTION,,
00016ef8,isr_tpu3_tgi3b,NO_FUNCTION,,
00016f23,f9a0_read_clear_bit0_atomic,NO_FUNCTION,,
00016f3b,f9a0_read_clear_bit4_atomic,NO_FUNCTION,,
00016f53,f9a0_read_clear_bit8_atomic,NO_FUNCTION,,
00016f6b,peripheral_block_ff00_cold_init,NO_FUNCTION,,
00016fe2,peripheral_block_ff00_warm_init,NO_FUNCTION,,
0001709a,sci1_rx_setup,NO_FUNCTION,,
000170eb,sci1_tx_setup,NO_FUNCTION,,
00017154,ff0d_clear_bits5_6,NO_FUNCTION,,
0001715e,stub_empty_0x1715e,NO_FUNCTION,,
00017160,adc_sensor_convert_multi,NO_FUNCTION,,
000171c3,adc_sensor_convert_single,NO_FUNCTION,,
00017206,byte_sum_banked,NO_FUNCTION,,
0001722b,sum_byte_array,NO_FUNCTION,,
00017256,memcpy_banked,NO_FUNCTION,,
00017300,stub_empty_0x17300,APPLIED,00017300,FUN_00017300
00017302,engine_state_f498_init,UNVERIFIED_HASH_MISMATCH,00017302,FUN_00017302
00017361,periodic_task_dispatcher,NO_FUNCTION,,
000173c0,ign_advance_f0e6_bit7_update,APPLIED,000173c0,FUN_000173c0
000173e0,ign_advance_table_lookup,UNVERIFIED_HASH_MISMATCH,000173e0,FUN_000173e0
000174a1,engine_mode_f20e_f510_check,APPLIED,000174a1,engine_mode_f20e_f510_check
000174c0,isc_f0e6_bit0_update,APPLIED,000174c0,FUN_000174c0
000174d4,knock_condition_eval,APPLIED,000174d4,knock_condition_eval
000175f0,isc_target_calc_and_store,APPLIED,000175f0,FUN_000175f0
00017654,isc_condition_eval,APPLIED,00017654,FUN_00017654
00017742,isc_stepper_enable_check,APPLIED,00017742,FUN_00017742
0001792f,isc_decel_fuel_cut_check,APPLIED,0001792f,isc_decel_fuel_cut_check
0001799f,isc_f03e_f45a_timer_update,APPLIED,0001799f,isc_f03e_f45a_timer_update
000179e5,isc_stepper_mode_dispatch,APPLIED,000179e5,FUN_000179e5
00017a94,isc_stepper_position_calc,APPLIED,00017a94,FUN_00017a94
00017bc2,isc_stepper_secondary_position_calc,APPLIED,00017bc2,FUN_00017bc2
00017c75,isc_openloop_target_calc,APPLIED,00017c75,FUN_00017c75
00017dd3,isc_integrator_update,APPLIED,00017dd3,FUN_00017dd3
0001821d,isc_stepper_blend_from_struct,APPLIED,0001821d,FUN_0001821d
000182e8,isc_stepper_output_calc,APPLIED,000182e8,FUN_000182e8
00018357,isc_f462_integrator_update,APPLIED,00018357,FUN_00018357
0001842b,isc_dashpot_override_check,APPLIED,0001842b,isc_dashpot_override_check
00018450,isc_f462_position_ramp,APPLIED,00018450,FUN_00018450
000184c3,isc_openloop_stepper_scale_calc,APPLIED,000184c3,FUN_000184c3
00018502,isc_activation_control_f466,APPLIED,00018502,FUN_00018502
000185a6,f0ea_bit6_update_from_mode_check,APPLIED,000185a6,FUN_000185a6
000185de,engine_mode_f512_bit4_check,APPLIED,000185de,engine_mode_f512_bit4_check
00018600,egr_f0e6_bit1_update,APPLIED,00018600,FUN_00018600
00018628,egr_activity_condition_check,APPLIED,00018628,egr_activity_condition_check
00018650,egr_target_f448_update,APPLIED,00018650,FUN_00018650
00018689,egr_coolant_rpm_enable_check,APPLIED,00018689,egr_coolant_rpm_enable_check
000186fa,egr_duty_target_calc,APPLIED,000186fa,FUN_000186fa
000187a0,egr_mode_dispatch,APPLIED,000187a0,FUN_000187a0
000187cf,egr_sequence_control,APPLIED,000187cf,FUN_000187cf
00018848,egr_valve_state_eval_f490,APPLIED,00018848,FUN_00018848
000189c0,egr_f490_condition_flags_update,APPLIED,000189c0,egr_f490_condition_flags_update
00018a55,check_hysteresis_gate_f490,APPLIED,00018a55,check_hysteresis_gate_f490
00018ae5,check_mode_gate_f510,APPLIED,00018ae5,check_mode_gate_f510
00018b17,egr_f490_gear_transition_update,APPLIED,00018b17,egr_f490_gear_transition_update
00018b63,egr_f0e6_valve_bits_update,APPLIED,00018b63,egr_f0e6_valve_bits_update
00018bc2,egr_position_target_f494_calc,APPLIED,00018bc2,FUN_00018bc2
00018cd0,egr_table_row_lookup_f496,APPLIED,00018cd0,FUN_00018cd0
00018db0,purge_f0e6_bit2_update,APPLIED,00018db0,FUN_00018db0
00018dca,purge_enable_check,UNVERIFIED_HASH_MISMATCH,00018dca,FUN_00018dca
00018e70,ign_advance_top_update,APPLIED,00018e70,FUN_00018e70
00018e93,ign_advance_enable_flags_f440_update,APPLIED,00018e93,ign_advance_enable_flags_f440_update
00018f8a,ign_advance_base_calc_f860,UNVERIFIED_HASH_MISMATCH,00018f8a,FUN_00018f8a
00018fe0,wgdc_correction_integrator_update,NO_FUNCTION,,
000190df,ign_advance_idle_correction_f44e,NO_FUNCTION,,
00019110,wgdc_output_clamp_f44c,NO_FUNCTION,,
000191a0,ign_advance_load_correction_f450,NO_FUNCTION,,
000191f0,rpm_map_zone_flags_f43e_update,NO_FUNCTION,,
00019240,f0ea_bit7_rpm_zone_update,NO_FUNCTION,,
0001928e,f0ea_bit7_f43e_bit3_clear,NO_FUNCTION,,
000192ac,rpm_zone_enable_check,NO_FUNCTION,,
00019350,f0e6_bit6_update,NO_FUNCTION,,
00019364,ign_advance_rpm_zone_enable_check,NO_FUNCTION,,
000193f0,stub_empty_193f0,NO_FUNCTION,,
00019400,canister_purge_control_flags_f4d6_update,NO_FUNCTION,,
000194d0,canister_purge_mode_dispatch,NO_FUNCTION,,
000194f2,canister_purge_gear_mode_select_f4a2,NO_FUNCTION,,
0001952c,canister_purge_feedback_active_check,NO_FUNCTION,,
00019560,canister_purge_duty_calc_f4ac,UNVERIFIED_HASH_MISMATCH,00019560,FUN_00019560
00019640,diagnostic_status_f4b4_build,UNVERIFIED_HASH_MISMATCH,00019640,FUN_00019640
00019720,o2_sensor_control_dispatch,NO_FUNCTION,,
000197f4,o2_upstream_enable_check,NO_FUNCTION,,
000198f2,o2_downstream_enable_check,NO_FUNCTION,,
000199f0,calc_load_correction_f10e,NO_FUNCTION,,
00019af0,o2_heater_fuel_ctrl_top_update,NO_FUNCTION,,
00019b2a,o2_heater_timer_f088_update,NO_FUNCTION,,
00019b5e,o2_heater_iat_zone_select_f4f0,NO_FUNCTION,,
00019bbc,o2_heater_duty_f4da_calc,NO_FUNCTION,,
00019cb3,o2_heater_duty_downstream_correction,NO_FUNCTION,,
00019d0e,o2_heater_soak_enable_check,NO_FUNCTION,,
00019d4b,o2_heater_force_off_check,NO_FUNCTION,,
00019d80,channel_dispatch_and_snapshot_update,NO_FUNCTION,,
00019e6d,channel_event_or_periodic_dispatch,NO_FUNCTION,,
00019efa,channel_data_flush_if_active,NO_FUNCTION,,
00019f35,o2_lambda_or_passthrough_select,NO_FUNCTION,,
00019f49,o2_sensor_gain_divisor,NO_FUNCTION,,
00019f77,o2_wideband_mode_zero_check,NO_FUNCTION,,
00019f90,o2_wideband_cell_offset_adjust,NO_FUNCTION,,
00019ff2,o2_wideband_midpoint_select,NO_FUNCTION,,
0001a00c,o2_lambda_correction_apply,NO_FUNCTION,,
0001a042,o2_sensor_mode_correction_select,NO_FUNCTION,,
0001a0a7,o2_wideband_lsu_mode_check,NO_FUNCTION,,
0001a0c4,o2_mode7_8_correction_apply,NO_FUNCTION,,
0001a0fa,o2_mode9_10_correction_apply,NO_FUNCTION,,
0001a130,o2_mode11_lambda_select,NO_FUNCTION,,
0001a146,o2_mode16_lambda_select,NO_FUNCTION,,
0001a15c,o2_closed_loop_config_check,NO_FUNCTION,,
0001a182,o2_sensor2_correction_apply,NO_FUNCTION,,
0001a1b9,o2_sensor2_mode3_midpoint,NO_FUNCTION,,
0001a1cc,o2_downstream_type34_check,NO_FUNCTION,,
0001a1e5,o2_downstream_clamp_by_type,NO_FUNCTION,,
0001a205,o2_wideband_mode82_check,NO_FUNCTION,,
0001a212,o2_sensor2_mode20_select,NO_FUNCTION,,
0001a228,o2_downstream_mode20_select,NO_FUNCTION,,
0001a23e,o2_downstream_mode21_select,NO_FUNCTION,,
0001a254,o2_config4_mode16_check,NO_FUNCTION,,
0001a261,o2_downstream_mode17_check,NO_FUNCTION,,
0001a26e,o2_downstream_correction_apply,NO_FUNCTION,,
0001a2a4,o2_downstream_mode64_select,NO_FUNCTION,,
0001a2ba,o2_downstream_mode66_select,NO_FUNCTION,,
0001a2d0,o2_mode65_lambda_select,NO_FUNCTION,,
0001a2e6,o2_downstream_mode48_select,NO_FUNCTION,,
0001a300,o2_trim_cell_states_reset,NO_FUNCTION,,
0001a306,fuel_trim_full_state_reset,NO_FUNCTION,,
0001a30c,dtc_and_status_update,NO_FUNCTION,,
0001a31a,status_flags_f202_build,NO_FUNCTION,,
0001a36f,dtc_status_flags_f204_f206_build,NO_FUNCTION,,
00020000,flash_boot_init,APPLIED,00020000,FUN_00020000
00020024,boot_ram_block_copy,APPLIED,00020024,boot_ram_block_copy
00020030,boot_main_loop,NO_FUNCTION,,
00020048,boot_sci1_init,APPLIED,00020048,boot_sci1_init
0002006e,boot_sci1_receive_command,NO_FUNCTION,,
00020084,boot_sci1_receive_config_bytes,APPLIED,00020084,FUN_00020084
00020104,boot_sci1_rom_id_verify,UNVERIFIED_HASH_MISMATCH,00020104,FUN_00020104
0002014c,sci1_boot_cmd_type_rx_validate,APPLIED,0002014c,FUN_0002014c
0002016e,sci1_boot_cmd_dispatch,APPLIED,0002016e,FUN_0002016e
000201c0,sci1_boot_security_seed_check,APPLIED,000201c0,sci1_boot_security_seed_check
000201ec,sci1_boot_flash_erase_dispatch,NO_FUNCTION,,
000202b2,sci1_boot_checksum_accumulate,APPLIED,000202b2,sci1_boot_checksum_accumulate
000202c9,sci1_boot_flash_write_param_rx,NO_FUNCTION,,
0002036d,scratch_pjmp_demo,NO_FUNCTION,,
00020379,sci1_tx_byte_blocking,APPLIED,00020379,sci1_tx_byte_blocking
00020388,sci1_boot_tx_then_rx_transaction,APPLIED,00020388,FUN_00020388
0002038d,sci1_rx_byte_wait_loop,APPLIED,0002038d,FUN_0002038d
00020398,sci1_boot_rx_byte_enqueue,APPLIED,00020398,FUN_00020398
0002039f,sci1_boot_rxbuf_write,APPLIED,0002039f,sci1_boot_rxbuf_write
000203bd,sci1_boot_rxbuf_read,APPLIED,000203bd,sci1_boot_rxbuf_read
000203e4,sci1_rx_byte_poll_or_error,APPLIED,000203e4,FUN_000203e4
0002041b,sci1_boot_tx_buf_drain,UNVERIFIED_HASH_MISMATCH,0002041b,FUN_0002041b
0002042c,sci1_boot_handshake_and_bulk_rx,UNVERIFIED_HASH_MISMATCH,0002042c,FUN_0002042c
00020461,sci1_boot_flash_addr_range_validate,NO_FUNCTION,,
000204dd,sci1_boot_flash_write_block_loop,APPLIED,000204dd,FUN_000204dd
000205a7,sci1_boot_build_data_frame,APPLIED,000205a7,sci1_boot_build_data_frame
000205fe,sci1_boot_build_row_addr_frame,APPLIED,000205fe,FUN_000205fe
00020640,sci1_boot_switch_case4_frag_20640,NO_FUNCTION,,
00020646,sci1_boot_build_eof_frame,APPLIED,00020646,sci1_boot_build_eof_frame
00020664,sci1_colon_frame_dispatch,UNVERIFIED_HASH_MISMATCH,00020664,FUN_00020664
00020715,sci1_boot_ihex_colon_record_decode_dispatch,NO_FUNCTION,,
00020782,f26e_cluster_accumulator_unrelated_to_ihex,NO_FUNCTION,,
0002080c,flash_erase_sectors,APPLIED,0002080c,FUN_0002080c
00020844,flash_write_or_verify,APPLIED,00020844,FUN_00020844
00020888,flash_write_marked_blocks_loop,APPLIED,00020888,FUN_00020888
000208c6,flash_byte_program_verify,APPLIED,000208c6,flash_byte_program_verify
00020910,flash_timing_delay,APPLIED,00020910,flash_timing_delay
0002093c,flash_erase_sector_loop,APPLIED,0002093c,flash_erase_sector_loop
00020992,flash_vpp_pulse_handshake_echo_verify,NO_FUNCTION,,
00020a80,main_loop,APPLIED,00020a80,FUN_00020a80
00020b00,cold_init_dispatch,APPLIED,00020b00,FUN_00020b00
00020b1c,subsystem_cold_init,APPLIED,00020b1c,FUN_00020b1c
00020b5e,check_cold_init_complete_sentinel_ef62,APPLIED,00020b5e,FUN_00020b5e
00020ccd,subsystem_unconditional_init_chain,APPLIED,00020ccd,FUN_00020ccd
00020d80,peripheral_cold_init_wrapper_set_ef7a,APPLIED,00020d80,FUN_00020d80
00020d8b,status_word_consumer_periodic,APPLIED,00020d8b,FUN_00020d8b
00020e00,init_ee82_ee8a_from_rom_const,APPLIED,00020e00,init_ee82_ee8a_from_rom_const
00020e10,post_init_status_compose_and_ef98_signal,APPLIED,00020e10,FUN_00020e10
00020e89,table_select_scale_fanout_f1be_f1c2,APPLIED,00020e89,FUN_00020e89
00020efa,main_loop_engine_control_update,UNVERIFIED_HASH_MISMATCH,00020efa,FUN_00020efa
00020f28,gear_state_config_loader_f1fc,UNVERIFIED_HASH_MISMATCH,00020f28,FUN_00020f28
00020fb1,cond_reset_and_latch_f10e_f118_prev,APPLIED,00020fb1,cond_reset_and_latch_f10e_f118_prev
00020fe5,periodic_status_compose_and_stall_check,APPLIED,00020fe5,FUN_00020fe5
00021003,compose_status_word_f0f8,UNVERIFIED_HASH_MISMATCH,00021003,FUN_00021003
00021107,fuel_cut_enable_check,NO_FUNCTION,,
000211a1,fuel_cut_rpm_offset_select,NO_FUNCTION,,
000211c8,crank_stall_detect_update,NO_FUNCTION,,
000211fb,sensor_adc_update,NO_FUNCTION,,
00021219,map_tps_axis_update,NO_FUNCTION,,
0002127f,tps_range_clamp_update,NO_FUNCTION,,
00021314,calc_f110_f10e_via_table,NO_FUNCTION,,
00021396,iat_axis_update,NO_FUNCTION,,
000213da,calc_f118_via_table,NO_FUNCTION,,
00021414,coolant_temp_validity_and_scale,NO_FUNCTION,,
0002144b,coolant_temp_range_check,NO_FUNCTION,,
00021480,manifold_heat_enable_flag_update,NO_FUNCTION,,
000214ea,tps_delta_calc,NO_FUNCTION,,
0002153b,iac_position_integrator,NO_FUNCTION,,
000215c8,idle_closed_loop_ready_check,NO_FUNCTION,,
00021636,throttle_target_ramp_update,NO_FUNCTION,,
000217b6,throttle_ramp_enable_check,NO_FUNCTION,,
000217e3,throttle_body_update,NO_FUNCTION,,
0002180b,engine_torque_scale_state_reset,NO_FUNCTION,,
0002184b,engine_torque_pct_scale_calc,NO_FUNCTION,,
000218c0,throttle_body_pos_error_calc,NO_FUNCTION,,
00021928,throttle_param_table_select,NO_FUNCTION,,
00021942,lambda_enable_flag_update,NO_FUNCTION,,
00021962,lambda_enable_inhibit_check,NO_FUNCTION,,
00021983,lambda_correction_output_calc,NO_FUNCTION,,
000219e2,fueling_lambda_update,NO_FUNCTION,,
00021a0e,fueling_base_injection_calc,NO_FUNCTION,,
00021aa5,fueling_accel_enrichment_calc,NO_FUNCTION,,
00021af3,fueling_openloop_output_copy,NO_FUNCTION,,
00021b2d,fueling_throttle_zone_flags_update,NO_FUNCTION,,
00021b8f,fueling_inj_target_select,NO_FUNCTION,,
00021bf3,fueling_inj_accum_clamp_drain,NO_FUNCTION,,
00021c2f,fueling_inj_pw_calc,NO_FUNCTION,,
00021d5e,fueling_wideband_output_scale,NO_FUNCTION,,
00021dc8,fueling_coolant_inj_offset_calc,NO_FUNCTION,,
00021df5,rpm_load_zone_counter_update,NO_FUNCTION,,
00021f00,inj_channel_state_init,NO_FUNCTION,,
00021f21,ecu_openloop_state_reset,NO_FUNCTION,,
00021f2e,main_control_loop_update,NO_FUNCTION,,
00021f70,control_state_latch_prev,NO_FUNCTION,,
00021f92,diag_flag_clear_and_param_reload,NO_FUNCTION,,
00021fa0,f216_bit6_update_from_hysteresis_gate,NO_FUNCTION,,
00021fba,f1e6_hysteresis_gate_check,NO_FUNCTION,,
00021fff,f33e_bit0_update_from_rpm_load_window,NO_FUNCTION,,
00022013,rpm_load_window_condition_check,NO_FUNCTION,,
0002204a,f216_bit4_update_table_1cc7,NO_FUNCTION,,
0002207f,f216_low_nibble_update_table_1cc3,NO_FUNCTION,,
000220e9,f218_shift_in_f216_low_nibble,NO_FUNCTION,,
00022111,f216_bit8_update_from_recovery_chain,NO_FUNCTION,,
0002214a,f224_threshold_tier_and_change_flag,NO_FUNCTION,,
00022193,stub_zero_0x22193,NO_FUNCTION,,
00022197,ef9e_latch_from_multi_threshold_check,NO_FUNCTION,,
000221f0,efa0_max_hold_and_recovered_check,NO_FUNCTION,,
00022225,tcu_link_confirmed_flag_f226_bit7_update,NO_FUNCTION,,
00022256,f226_bit8_update_from_f4c0_check,NO_FUNCTION,,
00022284,f25e_bit6_update_from_decel_fuel_cut,NO_FUNCTION,,
000222a6,decel_fuel_cut_eval,NO_FUNCTION,,
00022377,check_flag_f0f8_bit2_clear,NO_FUNCTION,,
00022386,aux_load_enable_flag_update,NO_FUNCTION,,
000223a0,aux_load_condition_check,NO_FUNCTION,,
000223d3,post_start_enrich_timer_update,NO_FUNCTION,,
00022442,o2_heater_ready_flag_update,NO_FUNCTION,,
00022488,mode_state_update,NO_FUNCTION,,
000224a6,openloop_mode_bit_update,NO_FUNCTION,,
000224ba,closedloop_inhibit_check,NO_FUNCTION,,
000224d5,cranking_mode_bit_update,NO_FUNCTION,,
000224e9,cranking_detect_check,NO_FUNCTION,,
0002254b,warmup_mode_state_machine,NO_FUNCTION,,
000225be,closedloop_eligibility_check,NO_FUNCTION,,
000226de,rpm_sync_ready_check,NO_FUNCTION,,
000226fd,closedloop_fuel_ready_check,NO_FUNCTION,,
00022746,o2_temp_ready_check,NO_FUNCTION,,
0002279a,o2_ready_timer_update,NO_FUNCTION,,
0002280f,warmup_ign_advance_correction_calc,NO_FUNCTION,,
00022898,warmup_correction_f25a_f0f8_f212_calc,NO_FUNCTION,,
000228ed,f216_bits_f188_f17a_update_and_warmup_gate,NO_FUNCTION,,
0002297f,warmup_complete_gate_check,NO_FUNCTION,,
000229c0,f20e_bit1_mirror_from_f1fe_bit3,NO_FUNCTION,,
000229d2,engine_mode_dispatch_and_f240_edge_counter,NO_FUNCTION,,
00022a57,f240_counter_reset_and_f074_table_load,NO_FUNCTION,,
00022a97,f21c_bit12_update_dispatcher,NO_FUNCTION,,
00022ab3,f21c_bit9_hysteresis_and_f23e_table_ramp,NO_FUNCTION,,
00022bb3,f21c_bit8_hysteresis_from_table_variant,NO_FUNCTION,,
00022c11,f21c_bit12_source_condition_check,NO_FUNCTION,,
00022c60,f21c_bit1_update_dispatcher,NO_FUNCTION,,
00022c74,f21c_bit1_source_condition_check,NO_FUNCTION,,
00022c89,f224_bits01_update_and_efa8_edge_latch,NO_FUNCTION,,
00022d12,status_word_composite_multibit_update_via_table,NO_FUNCTION,,
00022e38,struct_bit11_toggle_from_gate_check,NO_FUNCTION,,
00022e64,f21c_bit1_and_struct_bit5_gate_check,NO_FUNCTION,,
00022ead,f20e_f210_clear_chain_and_o2_closedloop_gate,NO_FUNCTION,,
00022f16,o2_sensor2_threshold_flag_update_f226_bit13,NO_FUNCTION,,
00022f82,f224_bit10_update_from_f20e_check,NO_FUNCTION,,
00023000,init_state_block_ee98_80_call_wrapper,NO_FUNCTION,,
00023006,init_state_block_ee98_80,NO_FUNCTION,,
00023027,f2f0_f2f8_ring_and_f27x_f2cc_periodic_init,NO_FUNCTION,,
0002308e,engine_periodic_correction_master_dispatch,NO_FUNCTION,,
000230c4,knock_octane_trim_master_dispatch,NO_FUNCTION,,
0002311b,f25e_gate_chain_dispatch_b,NO_FUNCTION,,
00023125,f25e_gate_chain_dispatch_a,NO_FUNCTION,,
00023145,f07c_multi_channel_threshold_gate_check,NO_FUNCTION,,
00023179,f25e_bit10_update_from_f216_gate,NO_FUNCTION,,
00023193,f216_bit5_hysteresis_gate_check,NO_FUNCTION,,
000231da,f25e_bit11_update_from_f224_gate,NO_FUNCTION,,
000231f4,f224_bit11_hysteresis_timer_and_gate_check,NO_FUNCTION,,
000232c3,status_word_bit3_conditional_update_via_table,NO_FUNCTION,,
00023332,f25e_bit8_update_from_f110_gate,NO_FUNCTION,,
00023346,f110_f17a_threshold_gate_check,NO_FUNCTION,,
00023371,f25e_bit14_update_from_f186_f17a_gate,NO_FUNCTION,,
00023397,knock_octane_dual_axis_blend_far_trampoline,NO_FUNCTION,,
0002339d,knock_octane_dual_axis_table_blend_f2a8,NO_FUNCTION,,
00023424,f190_f196_select_by_f1f0_f21c_gate,NO_FUNCTION,,
00023448,f28e_f292_knock_lambda_composite_calc,NO_FUNCTION,,
00023523,f2a0_f2c6_dual_timer_decay_and_f2c8_blend_dispatch,NO_FUNCTION,,
00023606,efba_timer_target_select_from_f2a0_thresholds,NO_FUNCTION,,
00023660,efbc_timer_target_select_from_f2c6_thresholds,NO_FUNCTION,,
0002369a,f2b6_knock_retard_state_select,NO_FUNCTION,,
00023755,f2ca_table_override_from_f114_gate,NO_FUNCTION,,
000237a0,o2_closed_loop_fuel_trim_compute,NO_FUNCTION,,
000238d8,f0ba_f2b2_threshold_blend_calc,NO_FUNCTION,,
0002392c,f266_knock_octane_composite_trim_compute,NO_FUNCTION,,
00023a9a,knock_octane_secondary_dispatch,NO_FUNCTION,,
00023aaa,knock_octane_secondary_dispatch_sub,NO_FUNCTION,,
00023abe,octane_trim_f262_f264_table_select,NO_FUNCTION,,
00023bf9,calc_staged_index_f0f8,NO_FUNCTION,,
00023c4a,knock_octane_trim_gate_dispatch,NO_FUNCTION,,
00023c5c,knock_octane_trim_gate_condition_check,NO_FUNCTION,,
00023d4f,knock_octane_trim_ramp_update,NO_FUNCTION,,
00023e60,status_word_table_subdispatch_group_a,NO_FUNCTION,,
00023e8b,f276_f27a_dual_channel_compute_via_table,NO_FUNCTION,,
00023ed7,f26e_o2_closed_loop_output_blend_via_table,NO_FUNCTION,,
00023fc7,o2_closed_loop_mode_selector_via_table,NO_FUNCTION,,
00024044,f286_knock_octane_secondary_trim_compute_via_table,NO_FUNCTION,,
0002415b,f27e_table_indexed_clamp_compute_via_table,NO_FUNCTION,,
00024207,eeac_adaptive_trim_learn_update_via_table,NO_FUNCTION,,
000242c1,f1fe_bit3_clear_and_f1f2_bit4_set_check,NO_FUNCTION,,
000242f5,f0ba_f2d0_o2_mode7_8_correction_calc,NO_FUNCTION,,
000243bc,f2d2_composite_correction_calc,NO_FUNCTION,,
00024552,table_1e4a_lookup_with_f2d6_d8_reset,NO_FUNCTION,,
00024596,f07a_default_reset_return_0x80,NO_FUNCTION,,
000245af,f2b4_threshold_table_lookup,NO_FUNCTION,,
0002463c,f2ce_f2cc_o2_mode11_correction_calc,NO_FUNCTION,,
00024680,injpw_airvol_reset_on_fuelcut,NO_FUNCTION,,
000246ae,f24e_f254_f970_f972_reset_on_f20e_bit4,NO_FUNCTION,,
000246e0,f2e0_f2ee_correction_dispatch,NO_FUNCTION,,
000246ee,f2e0_f2ec_composite_correction_calc,NO_FUNCTION,,
00024884,f2ea_f2ee_composite_correction_calc,NO_FUNCTION,,
0002495a,stub_empty_0x2495a,NO_FUNCTION,,
0002495c,f310_f316_composite_calc,NO_FUNCTION,,
000249f2,f250_f252_channel_snapshot_update,NO_FUNCTION,,
00024a8e,f31c_bit_toggle_pulse,NO_FUNCTION,,
00024cd2,f31c_bit6_set_then_clear_pulse,NO_FUNCTION,,
00024d36,noop_return_after_f31c_pulse,NO_FUNCTION,,
00024d3a,f25a_f2xx_state_mirror_update,NO_FUNCTION,,
00024dee,f856_f858_clamped_calc,NO_FUNCTION,,
00024e80,octane_level_init_or_force_from_gear_table,NO_FUNCTION,,
00024eba,tcu_slip_state_block_cold_init,NO_FUNCTION,,
00024f04,tcu_slip_control_init,NO_FUNCTION,,
00024f48,isc_f33e_periodic_dispatch_group_b,NO_FUNCTION,,
00024f76,mirror_f18a_to_f18e,NO_FUNCTION,,
00024f80,f33e_bit6_update_from_table_da2c_threshold,NO_FUNCTION,,
00024fa0,f33e_bit7_update_from_f0f8_gate,NO_FUNCTION,,
00024fb4,f0f8_bit12_active_bit11_clear_check,NO_FUNCTION,,
00024fc9,octane_level_gate_and_reset_dispatch,NO_FUNCTION,,
0002501d,tcu_slip_and_ff54_reinit_on_f20e_bit4,NO_FUNCTION,,
0002502d,per_cyl_knock_flag_update_cyl_a,NO_FUNCTION,,
00025057,tcu_slip_duty_gain_condition_check,NO_FUNCTION,,
0002507a,per_cyl_knock_flag_update_cyl_b,NO_FUNCTION,,
000250ac,f3a4_bit12_13_update_and_check,NO_FUNCTION,,
000250fb,f3a4_bit10_update_dispatch,NO_FUNCTION,,
0002510f,f0ec_bit1_threshold_gate_check,NO_FUNCTION,,
0002513a,f3ba_f3bc_f3a4_hysteresis_update,NO_FUNCTION,,
0002519e,f3a4_bit8_hysteresis_update,NO_FUNCTION,,
000251c4,knock_event_counter_update_eec6,NO_FUNCTION,,
0002523e,f3a4_bit6_gate_condition_check,NO_FUNCTION,,
00025277,knock_counter_condition_override_eec6,NO_FUNCTION,,
000252d3,octane_level_compute_from_knock_counter,NO_FUNCTION,,
000252f9,efc2_threshold_update,NO_FUNCTION,,
0002532a,f33e_multi_bit_update_dispatch,NO_FUNCTION,,
00025340,f33e_bit2_update_dispatch,NO_FUNCTION,,
00025378,f33e_bit2_source_condition_check,NO_FUNCTION,,
000253e1,f37a_correction_calc_from_f33e_bit2_or_f378,NO_FUNCTION,,
00025464,f33e_bit3_update_dispatch,NO_FUNCTION,,
0002547e,f33e_bit5_update_and_condition_check,NO_FUNCTION,,
000254d7,f33e_bit12_clear,NO_FUNCTION,,
000254dd,f33e_bit11_bit10_hysteresis_gate_check,NO_FUNCTION,,
00025544,f20e_bit15_update_dispatch,NO_FUNCTION,,
0002555e,f20e_bit15_source_condition_check,NO_FUNCTION,,
000255c0,f33e_bit4_update_dispatch,NO_FUNCTION,,
000255d4,f33e_bit1_hysteresis_gate_check,NO_FUNCTION,,
0002561d,f33e_bit13_bit11_clear,NO_FUNCTION,,
0002562b,isc_f342_composite_correction_calc,NO_FUNCTION,,
0002571a,isc_f344_correction_calc,NO_FUNCTION,,
00025742,isc_f34e_f34a_correction_calc,NO_FUNCTION,,
0002586f,isc_f35e_correction_calc,NO_FUNCTION,,
000258c4,select_value_f194_f196,NO_FUNCTION,,
000258e8,isc_f34c_correction_calc,NO_FUNCTION,,
000259df,isc_f4d6_gated_offset_calc,NO_FUNCTION,,
00025a25,isc_f4d6_gate_condition_check,NO_FUNCTION,,
00025a59,isc_f36a_f36c_target_calc,NO_FUNCTION,,
00025aef,isc_f37c_ramp_target_calc,NO_FUNCTION,,
00025bfd,isc_f352_table_lookup,NO_FUNCTION,,
00025c15,isc_f354_table_lookup_conditional,NO_FUNCTION,,
00025c48,isc_f356_correction_calc,NO_FUNCTION,,
00025cff,f33e_bit15_hysteresis_update,NO_FUNCTION,,
00025d27,isc_f358_correction_calc,NO_FUNCTION,,
00025e1b,isc_f35a_correction_calc,NO_FUNCTION,,
00025e8b,isc_f374_correction_calc,NO_FUNCTION,,
00025f45,isc_f36e_f370_target_calc,NO_FUNCTION,,
00025fee,isc_f350_correction_calc,NO_FUNCTION,,
0002601a,isc_f3b2_select,NO_FUNCTION,,
00026034,isc_f380_f37e_correction_calc,NO_FUNCTION,,
000260b6,isc_f360_f362_correction_calc,NO_FUNCTION,,
00026100,isc_stepper_position_reinit,APPLIED,00026100,FUN_00026100
00026124,isc_stepper_mode_reinit_dispatch,APPLIED,00026124,FUN_00026124
00026182,isc_stepper_position_dispatch,UNVERIFIED_HASH_MISMATCH,00026182,FUN_00026182
000261da,isc_periodic_update_dispatch,UNVERIFIED_HASH_MISMATCH,000261da,FUN_000261da
00026224,isc_f436_source_select_and_reset,UNVERIFIED_HASH_MISMATCH,00026224,FUN_00026224
00026251,isc_f416_f438_reset_on_f20e_bit4,NO_FUNCTION,,
00026271,f3fa_f3fe_target_select_by_f0f8_bit5,NO_FUNCTION,,
0002629b,idle_target_rpm_compute_f400,NO_FUNCTION,,
0002634d,isc_f41a_correction_calc,NO_FUNCTION,,
00026436,f3f0_f42e_correction_calc,NO_FUNCTION,,
0002655d,isc_f426_f03a_decay_calc,NO_FUNCTION,,
000265c9,f4de_f4e2_octane_correction_calc,NO_FUNCTION,,
000266e2,multi_channel_update_max_dispatch,NO_FUNCTION,,
000268b3,update_max,NO_FUNCTION,,
000268c4,calc_f40e_threshold_select,NO_FUNCTION,,
000268e2,idle_stepper_table_lookup_wrapper,NO_FUNCTION,,
00026914,isc_f036_f424_ramp_calc,NO_FUNCTION,,
00026966,isc_f416_f438_dispatch,NO_FUNCTION,,
0002697c,f3f0_bit6_clear,NO_FUNCTION,,
00026982,f3f0_bit13_14_15_hysteresis_gate_check,NO_FUNCTION,,
00026a09,isc_f416_f438_correction_calc,NO_FUNCTION,,
00026a63,f0f8_bit_based_constant_select,NO_FUNCTION,,
00026a99,f3f4_bit7_update_dispatch,NO_FUNCTION,,
00026aad,efc8_zero_condition_check,NO_FUNCTION,,
00026ad8,isc_f438_correction_calc,NO_FUNCTION,,
00026b8b,stub_empty_0x26b8b,NO_FUNCTION,,
00026b8d,isc_f428_condition_calc,NO_FUNCTION,,
00026bc7,isc_f422_correction_calc,NO_FUNCTION,,
00026c2e,isc_f3f2_bit6_hysteresis_gate_check,NO_FUNCTION,,
00026ca4,isc_f084_f3f0_bit8_update,UNVERIFIED_HASH_MISMATCH,00026ca4,isc_f3f2_bit6_hysteresis_gate_check
00026cf0,isc_f42a_table_lookup,NO_FUNCTION,,
00026d4d,isc_f42c_correction_calc,NO_FUNCTION,,
00026d86,isc_f3f0_bit2_hysteresis_gate_check,NO_FUNCTION,,
00026dfa,f490_bits01_or_default_select,NO_FUNCTION,,
00026e0e,isc_f3f0_bit3_and_f434_update,NO_FUNCTION,,
00026e76,stub_empty_0x26e76,NO_FUNCTION,,
00026e78,isc_stepper_state_dispatch,NO_FUNCTION,,
00026f12,isc_stepper_position_reached_check,NO_FUNCTION,,
00026f67,isc_stepper_state_reinit_and_target_select,NO_FUNCTION,,
00026f82,isc_stepper_output_state_machine_eed4,NO_FUNCTION,,
00027032,f3f0_target_state_reset_and_reload,NO_FUNCTION,,
0002705b,isc_stepper_mode_state_reload_b,NO_FUNCTION,,
000270b5,isc_stepper_mode_state_reload_c,NO_FUNCTION,,
000270db,isc_stepper_mode_state_reload_d,NO_FUNCTION,,
0002710d,isc_efd0_gate_condition_check,NO_FUNCTION,,
00027152,isc_f408_f406_stepper_target_calc,NO_FUNCTION,,
00027198,isc_stepper_target_dispatch,NO_FUNCTION,,
000271f8,f3f0_bit0_update,NO_FUNCTION,,
0002721a,f3f4_bit0_update_and_check,NO_FUNCTION,,
0002724f,isc_stepper_trim_dispatch,NO_FUNCTION,,
0002725d,isc_f402_stepper_target_calc,NO_FUNCTION,,
00027281,f414_trim_calc_gated_by_f0f8_f3f0,NO_FUNCTION,,
000272c6,isc_f408_correction_calc,NO_FUNCTION,,
0002739e,f0f8_bit5_constant_select,NO_FUNCTION,,
000273b8,isc_stepper_target_clamp_calc,NO_FUNCTION,,
00027416,isc_f408_from_f402_dispatch,NO_FUNCTION,,
00027428,isc_efd4_gate_condition_check,NO_FUNCTION,,
00027465,isc_stepper_correction_dispatch_b,NO_FUNCTION,,
0002747b,isc_f402_composite_correction_calc,NO_FUNCTION,,
00027597,isc_f41c_table_lookup,NO_FUNCTION,,
000275c2,isc_f41e_table_lookup,NO_FUNCTION,,
00027644,f3f4_bit2_3_4_hysteresis_gate_check,NO_FUNCTION,,
000276d3,f0f8_gated_constant_select_f3f4_neighbor,NO_FUNCTION,,
000276fb,isc_f420_correction_calc,NO_FUNCTION,,
00027792,f216_bit6_constant_select,NO_FUNCTION,,
000277b8,isc_f42e_or_default_select,NO_FUNCTION,,
000277de,isc_f038_constant_select,UNVERIFIED_HASH_MISMATCH,000277de,f216_bit6_constant_select
0002782a,f0f8_bit9_constant_or_calc_select,UNVERIFIED_HASH_MISMATCH,0002782a,isc_f038_constant_select
0002785a,f490_bits01_constant_select,NO_FUNCTION,,
000278a4,f3f0_bit8_constant_select,NO_FUNCTION,,
000278ca,f0f8_masked_constant_select,NO_FUNCTION,,
000278ef,isc_f416_f3f0_bit5_gate_check,NO_FUNCTION,,
00027933,isc_f3fa_f3fe_dispatch,NO_FUNCTION,,
00027959,isc_f406_ramp_gate_condition_check,NO_FUNCTION,,
00027990,isc_f3fa_f3fc_f3fe_correction_calc,NO_FUNCTION,,
000279f1,select_const_by_flags_eeca,NO_FUNCTION,,
00027a20,isc_eeca_update_dispatch,NO_FUNCTION,,
00027a2e,isc_eeca_update_gate_condition_check,NO_FUNCTION,,
00027a81,isc_eeca_eecc_eece_correction_calc,NO_FUNCTION,,
00027b2b,isc_f408_composite_dispatch,NO_FUNCTION,,
00027b6e,isc_f3fa_f3fc_f3fe_select,NO_FUNCTION,,
00027b9d,isc_f406_clamp_dispatch,NO_FUNCTION,,
00027bc6,isc_table_read_byte_clamped_2eca,NO_FUNCTION,,
00027beb,isc_f412_f082_stall_timer_calc,NO_FUNCTION,,
00027c6d,mirror_f406_f408_to_f40a_f40c,NO_FUNCTION,,
00027c80,startup_phase_reset_wrapper,NO_FUNCTION,,
00027c86,warmup_state_f594_f0e6_init,NO_FUNCTION,,
00027c99,engine_warmup_periodic_dispatch,NO_FUNCTION,,
00027cb7,startup_phase_reset_eed6_cluster,NO_FUNCTION,,
00027d33,eeea_bit0_update_on_efa2,NO_FUNCTION,,
00027d55,knock_sensor_diagnostic_update,NO_FUNCTION,,
00027e1a,f516_request_latch_f09a_calib_select,NO_FUNCTION,,
00027e92,engine_warmup_dispatch_b,NO_FUNCTION,,
00027e9c,f502_state_table_dispatch,NO_FUNCTION,,
00027f60,f502_state_index_update,NO_FUNCTION,,
00027fb1,f17a_load_zone_and_ef96_f1d8_check,NO_FUNCTION,,
0002800a,phase_dispatch_efa2_f500_f5ee_gate_check,NO_FUNCTION,,
00028082,f17a_f13c_load_zone_and_f514_gate_check,NO_FUNCTION,,
00028279,eee4_eeda_bit6_update_from_f0f8_bit12,NO_FUNCTION,,
000282c1,eee0_eeee_diag_flags_reset_dispatch,NO_FUNCTION,,
00028413,startup_phase_reset_eed6_eefa_bulk,NO_FUNCTION,,
000284a3,knock_octane_f0e6_bit3_gate_dispatch,NO_FUNCTION,,
00028557,knock_octane_pattern_match_state_machine,NO_FUNCTION,,
00028700,f516_hibits_f520_f0f2_mode_select,UNVERIFIED_HASH_MISMATCH,00028700,FUN_00028700
000287af,sci1_protocol_state_machine,UNVERIFIED_HASH_MISMATCH,000287af,FUN_000287af
0002882b,sci1_dispatch_and_latch_response,NO_FUNCTION,,
00028869,sci1_meta_cmd_dispatch_c0_ff,NO_FUNCTION,,
00028acf,f00e_f520_f526_gate_condition_check,NO_FUNCTION,,
00028b1b,f510_f512_f00e_f514_reset,NO_FUNCTION,,
00028b2f,sci1_periodic_phase_dispatch_f526,NO_FUNCTION,,
00028b62,f588_duty_gate_f516_bit11_set,NO_FUNCTION,,
00028b89,phase_cases_1to6_f516_hibit_f54a_writer,NO_FUNCTION,,
00028cc8,phase_case7_f590_gate_advance_or_latch,NO_FUNCTION,,
00028d23,f526_state_reset_dispatch,NO_FUNCTION,,
00028d7d,diagnostic_snapshot_f54a_f566_build,NO_FUNCTION,,
00028f00,isc_f35c_correction_calc,NO_FUNCTION,,
00028f13,f430_clear,NO_FUNCTION,,
00028f1b,f432_clear,NO_FUNCTION,,
00028f80,stub_empty_0x28f80,NO_FUNCTION,,
00028f82,o2_wideband_state_cold_init,NO_FUNCTION,,
00028fbc,o2_wideband_state_warm_init,NO_FUNCTION,,
00028fff,tcu_shift_torque_and_knock_mgmt,NO_FUNCTION,,
00029c33,tcu_f384_f388_hysteresis_gate_check,NO_FUNCTION,,
00029c68,tcu_shift_state_reset,NO_FUNCTION,,
00029c9f,tcu_torque_state_reset,NO_FUNCTION,,
00029cc7,tcu_shift_timing_state_machine,NO_FUNCTION,,
00029f40,tcu_shift_timer_reset,NO_FUNCTION,,
00029f57,tcu_shift_timer_arm,NO_FUNCTION,,
00029f8b,tcu_f382_correction_calc,NO_FUNCTION,,
00029fba,fuel_pw_and_airvol_compute,NO_FUNCTION,,
0002a796,tcu_periodic_timer_update,NO_FUNCTION,,
0002a7f7,f2cc_offset_accumulate,NO_FUNCTION,,
0002a83b,channel_enable_mask_build_and_dispatch_ff2x_ff3x,NO_FUNCTION,,
0002a882,diag_status_f200_f50e_update,NO_FUNCTION,,
0002a8cf,stub_empty_0x2a8cf,NO_FUNCTION,,
0002a8d1,stub_empty_0x2a8d1,NO_FUNCTION,,
0002a8d3,sci3_rx_process_tcu_byte,NO_FUNCTION,,
0002a980,tcu_gear_ratio_state_init,NO_FUNCTION,,
0002a997,throttle_idle_state_cold_init,NO_FUNCTION,,
0002aa36,tcu_rx_main_scheduler,NO_FUNCTION,,
0002b880,tcu_gear_shift_history_reset,NO_FUNCTION,,
0002b8ca,tcu_diagnostic_state_cold_init,NO_FUNCTION,,
0002b9a5,tcu_shift_flags_dispatch,NO_FUNCTION,,
0002b9f4,tcu_shift_solenoid_table_init,NO_FUNCTION,,
0002bbbb,tcu_shift_timer_scale_init,NO_FUNCTION,,
0002bc0f,tcu_dtc_status_check_dispatch,NO_FUNCTION,,
0002bdb3,update_max_f04e,NO_FUNCTION,,
0002bdc7,tcu_f050_max_update,NO_FUNCTION,,
0002bddb,tcu_torque_converter_slip_calc_far_trampoline,NO_FUNCTION,,
0002bde1,tcu_torque_converter_slip_calc,NO_FUNCTION,,
0002bfc9,tiered_threshold_table_select,NO_FUNCTION,,
0002c028,tcu_shift_quality_index_calc,NO_FUNCTION,,
0002c0bd,tcu_shift_pattern_threshold_select,NO_FUNCTION,,
0002c129,stub_empty_0x2c129,NO_FUNCTION,,
0002c12b,tcu_periodic_dispatch,NO_FUNCTION,,
0002c16e,tcu_shift_ratio_buffer_update,NO_FUNCTION,,
0002c2d9,tcu_solenoid_diagnostic_calc,NO_FUNCTION,,
0002c8e9,tcu_shift_buffer_average_calc,NO_FUNCTION,,
0002ca68,coldinit_f6c0_f7c8_state_clear_and_intc_flag_read,NO_FUNCTION,,
0002cac4,tcu_gear_ratio_calc,NO_FUNCTION,,
0002cdf6,tcu_lockup_clutch_state_update,NO_FUNCTION,,
