table_addr,table_name,caller_addr,caller_name,caller_entry
0000f290,LAB_0000f290,00020020,FUN_00020000,00020000
0000f290,LAB_0000f290,00024e34,FUN_00024db5,00024db5
0000f290,LAB_0000f290,00020024,boot_ram_block_copy,00020024
0000fe8a,P5DR,00016923,FUN_000168f9,000168f9
0000fe8a,P5DR,00016934,FUN_000168f9,000168f9
0000feb6,ADDRBH,00015b33,adc_channel_convert_and_read,00015b0d
0000fec4,SCI3_SSR,00016897,FUN_00016888,00016888
0000fec4,SCI3_SSR,00016630,serial_fec3_load_byte0_init,00016617
0000fec4,SCI3_SSR,0001666c,serial_fec3_load_next_byte,00016648
0000feca,SCI1_SCR,00016861,FUN_00016841,00016841
0000feca,SCI1_SCR,00016880,isr_tpu5_tgi5b_sci1_tie_clear,0001687b
0000fecc,SCI1_SSR,00016851,FUN_00016841,00016841
0000fecc,SCI1_SSR,00016855,FUN_00016841,00016841
0000fecc,SCI1_SSR,00016859,FUN_00016841,00016841
0000fecc,SCI1_SSR,0001685d,FUN_00016841,00016841
0000fecc,SCI1_SSR,0002beb4,FUN_0002ba66,0002ba66
0000fed4,SCI2_SSR,00016892,FUN_00016888,00016888
0000fee0,FLMCR,00015188,entry,0001517c
0000fee0,FLMCR,0002000c,FUN_00020000,00020000
0000fee0,FLMCR,00020839,FUN_0002080c,0002080c
0000fee0,FLMCR,000208e6,flash_byte_program_verify,000208c6
0000fee0,FLMCR,00020985,flash_erase_sector_loop,0002093c
0000ff0a,DTC_DTEC,000164c1,FUN_000164b7,000164b7
0000ff0d,DTC_DTEF,0001684b,FUN_00016841,00016841
0000ff23,T1SRAL,000163dc,FUN_000163cc,000163cc
0000ff41,T2CRL,0001691d,FUN_000168f9,000168f9
0000ff41,T2CRL,00016943,FUN_000168f9,000168f9
0000ff41,T2CRL,00016a8d,FUN_000168f9,000168f9
0000ff41,T2CRL,00016a91,FUN_000168f9,000168f9
0000ff41,T2CRL,000169db,FUN_000168f9,000168f9
0000ff41,T2CRL,000169df,FUN_000168f9,000168f9
0000ff43,T2SRL,0001690b,FUN_000168f9,000168f9
0000ff43,T2SRL,00015fd8,FUN_00015fc8,00015fc8
0000ff43,T2SRL,00015ffc,FUN_00015fec,00015fec
0000ff43,T2SRL,00016002,FUN_00015fec,00015fec
0000ff43,T2SRL,0001600f,FUN_00015fec,00015fec
0000ff43,T2SRL,00016015,FUN_00015fec,00015fec
0000ff46,T2CNTH,00020ad4,FUN_00020a80,00020a80
0000ff46,T2CNTH,0001516a,FUN_0001504b,0001504b
0000ff46,T2CNTH,00014ecb,FUN_00014dd8,00014dd8
0000ff46,T2CNTH,00014be6,FUN_000149f5,000149f5
0000ff46,T2CNTH,0001692a,FUN_000168f9,000168f9
0000ff46,T2CNTH,00016a7d,FUN_000168f9,000168f9
0000ff46,T2CNTH,000169cb,FUN_000168f9,000168f9
0000ff46,T2CNTH,0001693b,FUN_000168f9,000168f9
0000ff46,T2CNTH,00029b6f,FUN_00029ac7,00029ac7
0000ff46,T2CNTH,00029b77,FUN_00029ac7,00029ac7
0000ff46,T2CNTH,000292a5,FUN_00028dff,00028dff
0000ff46,T2CNTH,000292ad,FUN_00028dff,00028dff
0000ff46,T2CNTH,00029251,FUN_00028dff,00028dff
0000ff46,T2CNTH,00029259,FUN_00028dff,00028dff
0000ff46,T2CNTH,00015039,FUN_00014edd,00014edd
0000ff48,T2GR1H,00027159,FUN_00027151,00027151
0000ff48,T2GR1H,0002715d,FUN_00027151,00027151
0000ff48,T2GR1H,0001690f,FUN_000168f9,000168f9
0000ff48,T2GR1H,00027155,FUN_00027151,00027151
0000ff52,T3SRH,000164c5,FUN_000164b7,000164b7
0000ff61,T4CRL,00016a95,FUN_000168f9,000168f9
0000ff61,T4CRL,00016a99,FUN_000168f9,000168f9
0000ff61,T4CRL,000169e3,FUN_000168f9,000168f9
0000ff61,T4CRL,000169e7,FUN_000168f9,000168f9
0000ff63,T4SRL,00015dbe,FUN_00015d92,00015d92
0000ff66,T4CNTH,00015dac,FUN_00015d92,00015d92
0000ff66,T4CNTH,00015db2,FUN_00015d92,00015d92
0000ff68,T4GR1H,00016913,FUN_000168f9,000168f9
0000ff6c,T4DR1H,00015da4,FUN_00015d92,00015d92
0000ff6c,T4DR1H,00015dba,FUN_00015d92,00015d92
0000ff73,T5SRL,00016c75,isr_tpu3_tgi3a,00016c65
0000ff73,T5SRL,00016f1e,FUN_00016f0e,00016f0e
0000ff73,T5SRL,00016f28,FUN_00016f0e,00016f0e
0000ff74,T5OER,00016c7f,isr_tpu3_tgi3a,00016c65
0000ff74,T5OER,00016c83,isr_tpu3_tgi3a,00016c65
0000ff74,T5OER,00016d39,isr_tpu3_tgi3a,00016c65
0000ff74,T5OER,00016d3d,isr_tpu3_tgi3a,00016c65
0000ff74,T5OER,00016d43,isr_tpu3_tgi3a,00016c65
0000ff74,T5OER,00016d47,isr_tpu3_tgi3a,00016c65
0000ff76,T5CNTH,00016d1b,isr_tpu3_tgi3a,00016c65
0000ff7a,T5GR2H,00016c87,isr_tpu3_tgi3a,00016c65
0000ff7a,T5GR2H,00016c8f,isr_tpu3_tgi3a,00016c65
0000ff7a,T5GR2H,00016d12,isr_tpu3_tgi3a,00016c65
0000ff7a,T5GR2H,00016d29,isr_tpu3_tgi3a,00016c65
00010000,vec_reset,00027e45,FUN_00027dd5,00027dd5
000102bd,PTR_INTC_IPRA_000102bd,0002c1c2,FUN_0002bf36,0002bf36
000102bd,PTR_INTC_IPRA_000102bd,0002bcbf,FUN_0002ba66,0002ba66
000102bd,PTR_INTC_IPRA_000102bd,0002bd21,FUN_0002ba66,0002ba66
000102bd,PTR_INTC_IPRA_000102bd,0002be3f,FUN_0002ba66,0002ba66
000102bd,PTR_INTC_IPRA_000102bd,0002bd82,FUN_0002ba66,0002ba66
00010321,PTR_DAT_00010321,0001960b,FUN_00019560,00019560
00011800,MAF_Scaling,000234d6,FUN_000234c8,000234c8
0001181a,MAF_Smoothing_Table,000234ec,FUN_000234c8,000234c8
00011ad4,Decel_Fuel_Cut_Resume_RPM_Offset,00022352,FUN_0002232a,0002232a
00011ad4,Decel_Fuel_Cut_Resume_RPM_Offset,0002287a,FUN_00022876,00022876
00011b00,Open_Loop_Load_1,00022b4a,FUN_00022b20,00022b20
00011b14,Open_Loop_Load_2,00022be1,FUN_00022b20,00022b20
00011ba6,Post_Start_Enrich_Trim_vs_Load,000217a3,FUN_0002165a,0002165a
00011ba6,Post_Start_Enrich_Trim_vs_Load,00023808,FUN_000237d5,000237d5
00011bb8,Post_Start_Enrich_Decay_Multiplier,0002165f,FUN_0002165a,0002165a
00011bb8,Post_Start_Enrich_Decay_Multiplier,0002175b,FUN_0002165a,0002165a
00011bc6,Post_Start_Enrichment,0002360b,FUN_000235a3,000235a3
00011bc6,Post_Start_Enrichment,0002361d,FUN_000235a3,000235a3
00011be2,Limp_Home_TPS_Table,000243b0,FUN_00024370,00024370
00011c0c,Injector_Battery_Voltage_Latency_Compensation,000246c5,FUN_000246b7,000246b7
00011c5a,Cranking_Primer_First_Pulse,0002445b,FUN_00024437,00024437
00011c9a,Accel_Enrich_Base_vs_Engine_Temp,00024835,FUN_00024769,00024769
00011d9e,Lean_Spool_Trailing_Time_Rich_Side,0002329a,FUN_00023274,00023274
00011db0,Lean_Spool_Trailing_Time_Lean_Side,00023305,FUN_00023274,00023274
00011dd4,Lean_Spool_Fuel_AFR_Table,00023996,FUN_00023970,00023970
0001225c,Ignition_Trim_vs_Eng_Temp,00025c57,FUN_00025c57,00025c57
00012268,Ignition_Trim_vs_Air_Temp,00025cbb,FUN_00025ca2,00025ca2
00012274,Ignition_Trim_Baro,00025c88,FUN_00025c6f,00025c6f
0001227e,Ignition_Trim_vs_Air_Temp_Active_Above_Load,00025ca7,FUN_00025ca2,00025ca2
0001228c,Warmup_Ignition_Control_vs_Eng_Temp,000259ff,FUN_00025950,00025950
0001228c,Warmup_Ignition_Control_vs_Eng_Temp,000259f6,FUN_00025950,00025950
00012298,Ignition_Coil_Charge_Time_Normal,00026034,FUN_0002600a,0002600a
000122c2,Knock_Control_Above_Load,0002512c,FUN_0002512c,0002512c
000122d0,Octane_Control_Above_Load,000252da,FUN_000252be,000252be
000122ea,Knock_Load_Table_3,00025530,FUN_000254fe,000254fe
00012326,Desired_ISCV_intial_step_position_with_AC_on_Neutral,00027612,FUN_000275fe,000275fe
00012326,Desired_ISCV_intial_step_position_with_AC_on_Neutral,0002762a,FUN_000275fe,000275fe
00012332,Desired_ISCV_initial_step_position_with_AC_on_Drive,00027633,FUN_000275fe,000275fe
00012332,Desired_ISCV_initial_step_position_with_AC_on_Drive,0002761b,FUN_000275fe,000275fe
00012382,Decel_Fuel_Cut_Ignition_Retard,000265f3,FUN_0002659b,0002659b
00012394,Idle_Post_Start_Step_Incr_vs_Air_Temp,00026962,FUN_00026952,00026952
000123a0,Idle_Post_Start_Decay_Time,00026986,FUN_00026952,00026952
000123be,Idle_Error_Correction_Neutral,000273bc,FUN_0002733c,0002733c
000123cc,Idle_Error_Correction_Drive_AC_On,000273c5,FUN_0002733c,0002733c
000124dc,Max_Total_Upward_WGDC_Correction_vs_TPS,000190c7,FUN_00019021,00019021
00012500,Max_Wastegate_Duty_1,00018fa0,FUN_00018f8a,00018f8a
00012514,Max_Wastegate_Duty_2,00018fa9,FUN_00018f8a,00018f8a
00012528,Max_Wastegate_Duty_3,00018fc3,FUN_00018f8a,00018f8a
0001253c,Boost_Desired_Engine_Load_1,00019136,FUN_00019120,00019120
00012550,Boost_Desired_Engine_Load_2,0001913f,FUN_00019120,00019120
00012564,Boost_Desired_Engine_Load_3,00019159,FUN_00019120,00019120
000128c2,ALS_Air_injection_time,00019db5,FUN_00019ca0,00019ca0
