"Function","Increased"
"f240_counter_reset_and_f074_table_load","extraout_: 0 -> 2"
"isc_f3fa_f3fc_f3fe_correction_calc","WARNING: 0 -> 1"
"efa0_max_hold_and_recovered_check","WARNING: 0 -> 1"
"f20e_bit15_update_dispatch","WARNING: 0 -> 1"
"isc_stepper_target_dispatch","WARNING: 0 -> 1"
"stub_empty_0x28f80","WARNING: 0 -> 1"
"sci3_timeout_clear_flag","in_R: 0 -> 2"
"startup_phase_reset_eed6_cluster","WARNING: 0 -> 1"
"f224_threshold_tier_and_change_flag","WARNING: 0 -> 1"
"lambda_enable_flag_update","WARNING: 0 -> 1"
"inj_channel_state_init","WARNING: 0 -> 1"
"isc_f462_integrator_update","in_stack_: 0 -> 1"
"stub_empty_0x26b8b","WARNING: 0 -> 1"
"f3ba_f3bc_f3a4_hysteresis_update","WARNING: 0 -> 1"
"check_hysteresis_gate_f490","WARNING: 0 -> 1"
"f33e_bit4_update_dispatch","WARNING: 0 -> 1"
"isc_f408_from_f402_dispatch","WARNING: 0 -> 1"
"o2_wideband_mode82_check","in_stack_: 0 -> 1"
"f33e_bit2_update_dispatch","WARNING: 0 -> 1"
"o2_mode16_lambda_select","WARNING: 0 -> 1"
"throttle_target_ramp_update","WARNING: 0 -> 1; extraout_: 2 -> 8"
"isc_f35c_correction_calc","WARNING: 0 -> 1"
"f414_trim_calc_gated_by_f0f8_f3f0","extraout_: 0 -> 2"
"cranking_mode_bit_update","WARNING: 0 -> 1"
"table_1e4a_lookup_with_f2d6_d8_reset","WARNING: 0 -> 1"
"coolant_temp_validity_and_scale","WARNING: 0 -> 1"
"o2_heater_soak_enable_check","WARNING: 0 -> 1"
"flash_timing_delay","WARNING: 0 -> 1"
"sci3_rx_process_tcu_byte","WARNING: 0 -> 1"
"f2e0_f2ec_composite_correction_calc","extraout_: 0 -> 8"
"o2_mode9_10_correction_apply","in_stack_: 4 -> 5"
"f0ec_bit1_threshold_gate_check","WARNING: 0 -> 1"
"f216_low_nibble_update_table_1cc3","WARNING: 0 -> 1"
"o2_heater_duty_downstream_correction","WARNING: 0 -> 1"
"iac_position_integrator","WARNING: 0 -> 1"
"f33e_bit0_update_from_rpm_load_window","WARNING: 0 -> 1"
"f33e_bit5_update_and_condition_check","WARNING: 0 -> 1; extraout_: 0 -> 2"
"o2_wideband_cell_offset_adjust","in_stack_: 6 -> 7"
"startup_phase_reset_wrapper","WARNING: 0 -> 1"
"o2_sensor2_threshold_flag_update_f226_bit13","WARNING: 0 -> 1"
"f2a0_f2c6_dual_timer_decay_and_f2c8_blend_dispatch","WARNING: 0 -> 1; extraout_: 0 -> 12"
"peripheral_block_ff21_warm_init","WARNING: 6 -> 7; in_R: 0 -> 2"
"f310_f316_composite_calc","extraout_: 0 -> 2"
"sum_byte_array","CONCAT: 0 -> 1"
"update_max","WARNING: 0 -> 1"
"isc_stepper_enable_check","WARNING: 0 -> 1"
"fueling_accel_enrichment_calc","WARNING: 0 -> 1"
"isc_f422_correction_calc","WARNING: 0 -> 1; extraout_: 2 -> 4"
"f3a4_bit10_update_dispatch","WARNING: 0 -> 1"
"sci3_timeout_set_retry","in_R: 0 -> 2"
"f3a4_bit12_13_update_and_check","extraout_: 0 -> 3"
"isc_f408_correction_calc","WARNING: 0 -> 1"
"isc_stepper_mode_state_reload_d","WARNING: 0 -> 1"
"timer_ff5a_set_clamped_armed","in_R: 0 -> 2"
"check_mode_gate_f510","in_stack_: 0 -> 1"
"isc_f408_composite_dispatch","WARNING: 0 -> 1"
"f3a4_bit6_gate_condition_check","WARNING: 0 -> 1; extraout_: 0 -> 3"
"timer4_oc_arm_from_flags","in_R: 0 -> 2"
"throttle_body_pos_error_calc","WARNING: 0 -> 1"
"check_flag_fe96_bit7_clear","WARNING: 0 -> 1"
"decel_fuel_cut_eval","WARNING: 0 -> 1; extraout_: 0 -> 2"
"isc_f3f0_bit2_hysteresis_gate_check","WARNING: 0 -> 1"
"knock_octane_dual_axis_table_blend_f2a8","WARNING: 0 -> 1"
"f276_f27a_dual_channel_compute_via_table","extraout_: 0 -> 4"
"isc_f342_composite_correction_calc","extraout_: 2 -> 4"
"f0ea_bit7_f43e_bit3_clear","WARNING: 0 -> 1"
"closedloop_eligibility_check","WARNING: 0 -> 1"
"f216_bit4_update_table_1cc7","WARNING: 0 -> 1"
"fueling_throttle_zone_flags_update","WARNING: 0 -> 1"
"ign_advance_table_lookup","WARNING: 0 -> 1"
"peripheral_block_ff70_ff88_warm_init","WARNING: 0 -> 1"
"status_word_consumer_periodic","WARNING: 0 -> 1"
"isc_f3f2_bit6_hysteresis_gate_check","WARNING: 0 -> 1"
"o2_wideband_state_cold_init","WARNING: 0 -> 1"
"f2ce_f2cc_o2_mode11_correction_calc","WARNING: 0 -> 1"
"timer_ff44_ff4a_arm_channels_atomic","in_R: 0 -> 2"
"flash_boot_init","unaff_: 0 -> 1"
"f25e_bit8_update_from_f110_gate","WARNING: 0 -> 1"
"isc_f420_correction_calc","WARNING: 0 -> 1"
"flag_read_ff43_bit0_inverted","WARNING: 0 -> 1"
"isc_f42e_or_default_select","WARNING: 0 -> 1"
"isc_f42c_correction_calc","WARNING: 0 -> 1"
"isc_f036_f424_ramp_calc","extraout_: 0 -> 4"
"rpm_load_window_condition_check","WARNING: 0 -> 1"
"f3f0_bit0_update","WARNING: 0 -> 1"
"f25e_gate_chain_dispatch_a","WARNING: 0 -> 1"
"f490_bits01_constant_select","WARNING: 0 -> 1"
"eeac_adaptive_trim_learn_update_via_table","WARNING: 0 -> 1"
"f2ea_f2ee_composite_correction_calc","extraout_: 0 -> 6"
"openloop_mode_bit_update","WARNING: 0 -> 1"
"throttle_body_update","WARNING: 0 -> 1"
"egr_f490_condition_flags_update","WARNING: 0 -> 1"
"init_copy_const_block_via_memcpy_banked","unaff_: 0 -> 11; in_stack_: 0 -> 11; CONCAT: 49 -> 61"
"isr_ipu_ch2ch4_input_capture","WARNING: 0 -> 1"
"f216_bit6_update_from_hysteresis_gate","WARNING: 0 -> 1"
"f33e_bit7_update_from_f0f8_gate","WARNING: 0 -> 1"
"peripheral_block_ff15_warm_init","WARNING: 0 -> 1"
"warmup_complete_gate_check","WARNING: 0 -> 1"
"isc_f416_f438_reset_on_f20e_bit4","WARNING: 0 -> 1"
"o2_downstream_correction_apply","in_stack_: 4 -> 6"
"f21c_bit8_hysteresis_from_table_variant","WARNING: 0 -> 1"
"isc_f356_correction_calc","WARNING: 0 -> 1; extraout_: 2 -> 6"
"isc_f35e_correction_calc","WARNING: 0 -> 1"
"f3f0_bit8_constant_select","WARNING: 0 -> 1"
"knock_octane_f0e6_bit3_gate_dispatch","WARNING: 0 -> 1"
"isc_f416_f438_dispatch","WARNING: 0 -> 1"
"stub_zero_0x22193","WARNING: 0 -> 1"
"adc_backup_snapshot_write_if_time_elapsed","WARNING: 1 -> 3; unaff_: 2 -> 3; in_stack_: 9 -> 10; extraout_: 3 -> 23; CONCAT: 15 -> 53"
"isc_f352_table_lookup","extraout_: 0 -> 2"
"f3f4_bit7_update_dispatch","WARNING: 0 -> 1"
"efba_timer_target_select_from_f2a0_thresholds","WARNING: 0 -> 1"
"egr_target_f448_update","WARNING: 0 -> 1"
"f226_bit7_update_from_f4c2_check","WARNING: 0 -> 1"
"control_state_latch_prev","WARNING: 0 -> 1"
"knock_octane_pattern_match_state_machine","WARNING: 0 -> 1"
"sci3_timeout_set_abort","in_R: 0 -> 2"
"rpm_load_zone_counter_update","WARNING: 0 -> 1"
"f216_bit6_constant_select","WARNING: 0 -> 1"
"o2_sensor_mode_correction_select","WARNING: 0 -> 1"
"peripheral_block_ff70_ff88_cold_init","WARNING: 0 -> 1"
"aux_load_enable_flag_update","WARNING: 0 -> 1"
"isc_f038_constant_select","WARNING: 0 -> 1"
"f110_f17a_threshold_gate_check","WARNING: 0 -> 1"
"gear_state_config_loader_f1fc","WARNING: 0 -> 1"
"isc_f41e_table_lookup","extraout_: 0 -> 2"
"init_state_block_ee98_80_call_wrapper","WARNING: 0 -> 1"
"post_start_enrich_timer_update","WARNING: 0 -> 1"
"injpw_airvol_reset_on_fuelcut","WARNING: 0 -> 1"
"egr_f0e6_bit1_update","WARNING: 0 -> 1"
"o2_sensor2_correction_apply","in_stack_: 5 -> 6"
"ef9e_latch_from_multi_threshold_check","WARNING: 0 -> 1"
"per_cyl_knock_flag_update_cyl_a","WARNING: 0 -> 1"
"sci_request_latch_f58a_conditional","WARNING: 0 -> 1"
"stub_empty_0x1715e","CONCAT: 0 -> 2"
"isc_f0e6_bit0_update","WARNING: 0 -> 1"
"egr_valve_state_eval_f490","WARNING: 0 -> 1"
"o2_sensor2_mode3_midpoint","WARNING: 0 -> 1"
"f21c_bit1_update_dispatcher","WARNING: 0 -> 1"
"f25e_bit11_update_from_f224_gate","CONCAT: 0 -> 4"
"ff88_set_scaled_clamped","WARNING: 0 -> 1"
"fuel_pw_and_airvol_compute","WARNING: 0 -> 1"
"f216_bit8_update_from_recovery_chain","WARNING: 0 -> 1"
"sci1_boot_handshake_and_bulk_rx","WARNING: 1 -> 9; unaff_: 0 -> 2"
"fuel_cut_enable_check","WARNING: 0 -> 1"
"f430_clear","WARNING: 0 -> 1"
"f490_bits01_or_default_select","WARNING: 0 -> 1"
"o2_sensor_gain_divisor","in_stack_: 4 -> 5"
"init_scale_factor_f9ac","in_R: 0 -> 2"
"o2_mode65_lambda_select","in_stack_: 3 -> 4"
"f25e_bit10_update_from_f216_gate","WARNING: 0 -> 1"
"wgdc_output_clamp_f44c","in_stack_: 0 -> 6"
"f0ea_bit6_update_from_mode_check","WARNING: 0 -> 1"
"sci1_dispatch_and_latch_response","WARNING: 0 -> 1"
"isc_f416_f438_correction_calc","WARNING: 0 -> 1"
"o2_downstream_type34_check","in_stack_: 0 -> 1"
"canister_purge_duty_calc_f4ac","extraout_: 0 -> 2"
"sci1_boot_rxbuf_write","WARNING: 1 -> 2"
"sci1_boot_flash_erase_dispatch","unaff_: 0 -> 2"
