address,name,return_type,params,calling_convention,hash,instruction_count
00014000,sat_add_u16,ushort,"ushort ushort",__stdcall_far_allstack,9b34e50c5e711205e5807da3e9bee93177a23610c4ec648197f073342743aafd,7
0001401f,sat_add_s16,short,"short short",__stdcall_far_allstack_32ret,05138c4c8d2b2abfb11f3db83950a99bd8331f5f3ee75c308a15b6a662bba61b,10
00014036,sat_sub_u16,ushort,"ushort ushort",__stdcall_far_allstack,e52781aa1a4a1cdac846437814d1301c4244ba9a7d276c2a6b80cdd4f84d3247,7
00014045,sat_sub_u16_clamp0,ushort,"ushort ushort",__stdcall_far_allstack_32ret,200d2be34aaca0c748b8a5a02b3df0b0886888b475c5aca05390ddad7f26a344,10
0001405c,sat_mul_u16,ushort,"ushort ushort",__stdcall_far_allstack,609a3f7977db2abf9e149e14a44ceaf414c89d512ab6fac2af997cc7248ae024,9
0001406f,mul_u16_hi,ushort,"ushort ushort",__stdcall_far_allstack,999b44fed83b08fd96fe62c57a014fea7dfc6e15a060787d573540ac16cd5e29,5
00014079,mul_u16_x2_or_sum_check_overflow,short,"ushort ushort ushort ushort",__stdcall,32421039111d27c6cf8a0a21f5430c09cae108552731ff6dfeede3e4c59ddfef,34
000140c0,div_u16_sat,ushort,"ushort ushort",__stdcall_far_allstack,133437c622fdfa642bd776900801d2d3fe949f9aed783c6141efe28e98fc57ac,14
000140dc,div_u32_u16_sat,ushort,"ushort ushort ushort",__stdcall_far_allstack,1575a803b40f136f178351e9e669f043430ab8f5348259ed9393349180c8d303,16
000140fc,div_u16_sat2,ushort,"ushort ushort ushort",__stdcall_far_allstack,fa09982b1f9df36f0a6fb1e00c3e3a9bbe7dc064f896939c950902958b342d30,23
0001412b,div_u16_rounded,ushort,"ushort ushort",__stdcall_far_allstack,5168314604d986c46324872df540098fbc45c456aef24c3eff892f500fcf1bd1,19
00014151,div_s32_s16_rounded,short,"ushort ushort ushort",__stdcall_far_allstack,e0581be2761e96158fb6786896fee3cfad99e1fa66413da57749a319d25b9065,22
0001417d,div_u32_u16_rounded,ushort,"uint ushort",__stdcall_far_allstack_32ret,f1f0c911639f15b1ecc9a8ed2348eb815f801f5c3bc095d739244dc57942d4a8,29
000141ba,muldiv_u16,ushort,"ushort ushort ushort",__stdcall_far_allstack,e54d94e9bc44d6daff86a245c3b08715989fbed6602d26809a3cda829f4a264c,17
000141dc,muldiv_u16_scaled,ushort,"ushort ushort ushort ushort",__stdcall_far_allstack_32ret,ef2d7a90bbf3516146a4a57701e6f9b4f30e76421efb263eaa35e401549da864,26
00014219,muldiv_s16_rounded,ushort,"ushort ushort ushort",__stdcall_far_allstack,85c23e0989561d9584d340cac2aea8459806bb37170a188a621f1635f6f6f09b,23
00014247,muldiv_s16_rounded_3op,short,"ushort ushort ushort",__stdcall_far_allstack_32ret,bbe7ba03b8e6d19ab928eaa4cbe96239820974cbadcc0095bf5103317edc6786,32
00014293,mul_u16_x2_sat_alt,ushort,"ushort ushort",__stdcall_far_allstack,10b00ecb1f5e6bef1c6494405f7af64d7bd9884f24798e657f349f9d80b3383b,16
000142b4,mul_u16_sat_s16,ushort,"ushort ushort ushort",__stdcall_far_allstack,76bdb1c12da99953f33e05d0ec543092690def36e1a688d1b09563bdde4b046b,29
000142f3,mul_u16_x2_sat,ushort,"ushort ushort",__stdcall_far_allstack,d44cb06a351f24d0901338af47add6edf74290e5c8dfc1546f2d456b16dbacc6,21
0001431f,mul_u16_dbl_sat,short,"ushort ushort ushort",__stdcall_far_allstack_32ret,7ad8518ddff6f1c73a19e87b41f3fa1282e3243ec3ae5c7fdebf2c8b899d6fe6,35
0001436c,mul_u16_shr8_sat,ushort,"ushort ushort",__stdcall_far_allstack,51db294e87ebd1479c559834ee7adf8499c4f363e271b87b1f2a32a024ab915e,13
00014387,muldiv_u16_shr8_sat,ushort,"ushort ushort ushort",__stdcall_far_allstack,e323fb3d62b1a2ed00dbdff7e1e38b6fba13cd0a8d6e63802c5ef4bee91a6fa0,25
000143bf,mul_fixedpoint_8,ushort,"ushort ushort",__stdcall_far_allstack,f4cc40fb8d924187ab092920e7800521d47559b51cc23e90f595a91b3bef49ef,20
000143e8,mul_u16_shr8_sat2,short,"ushort ushort ushort",__stdcall_far_allstack,1d52bfd27d8651d17c3ac9c2cb6fdfb1e8f7bb4825735ae8c3acf1e6d0798ae7,31
0001442d,clamp_u8,ushort,"ushort",__stdcall_far_allstack,8aa5746e35399fbb0eefc6dd705765d2a27f322640113bee378cc92bee5cc536,7
0001443c,passthrough_or_sat,ushort,"ushort ushort",__stdcall_far_allstack,8ff96d978bf7ab4ec1114c145224221844c286f6eb0f2bfb79d06aba52841267,8
0001444c,clamp_u16,ushort,"ushort ushort ushort",__stdcall_far_allstack,6108d4421ea633bee1582bcc054b8d90be258a109885ed0fff17f04d63ae822b,19
00014471,select_min_xy_triple,ushort,"ushort ushort ushort ushort ushort ushort",__stdcall_far_allstack,387e434da4eecad6ffcd838a8608cd443db38cb83bd8fe010c52ffdccb7e62d4,34
000144b4,get_high_byte,ushort,"ushort",__stdcall_far_allstack,2ce258db6e72bc83f19170f45a92c3be8b6f999719b130ab1ceaba7d3c7759d2,6
000144bf,identity_passthrough_u16,ushort,"ushort",__stdcall_far_allstack,edbd7f4facad872baa7b4825460c66fe53eaa095de4ec1aef6ae983ec3d2ba7b,4
000144c6,shift_left_byte_to_high,ushort,"ushort",__stdcall_far_allstack,cd7f2753a3ae949357a39e41aab50ad7a3833873ae99712abc685c9c3f2b0dea,6
000144d1,identity_passthrough_arg1,undefined2,"undefined2",__stdcall_far_allstack,ebbc8b036519e80a911a014006a3d2e2ae9e5dcb5b5631c36c3513fc76bdacef,5
000144da,round_high_byte_signed,char,"ushort",__stdcall_far_allstack,3e2c4a5a44d03108d51b9fc04133880eb00398be33ef59723cf8a3bb641596f0,11
000144ef,inc_if_signed_flag,short,"short ushort",__stdcall_far_allstack,08761f6203e5358abe185a3a5fe56044e002e9c98f92722bb42897791d721779,9
00014502,swap_bytes_u16,ushort,"ushort",__stdcall_far_allstack,1ddfd029cb9b75310d82cb5e084ff38d2c4da4e6007097dde7ff9d4170bee3b4,5
0001450b,swap_invert_high_byte,undefined2,"byte",__stdcall_far_allstack,7812ac119a0ff1dff80c79a30ebb97fd30e3d07032777728d464aa9f29e26783,8
0001451a,zero_ram_range,void,"ushort ushort",__stdcall_far_allstack,12c843e1be48d2b8c95577a67789a896660da59a398911073df3681ef9594480,10
0001452d,decrement_counters_in_range,void,"ushort ushort",__stdcall_far_allstack,486912f45059e5338f99d78ca76122f348ece5910f10b50eafb69f0cd5edab2a,15
0001454c,increment_counters_in_range,void,"ushort ushort",__stdcall_far_allstack,8e7273d4b57fd29df62a40b530e68e3bab5b39527d80ba5df2009f7decc29e3c,15
0001456d,axis_interp_lerp_u8frac_256,ushort,"ushort ushort ushort",__stdcall_far_allstack,8a16e8574ad121b81583c133971aff61e674594e64f969549749f0dce591e11c,20
00014599,weighted_blend_u8frac,short,"ushort ushort ushort",__stdcall_far_allstack_32ret,17a20bf89917cc2ad19896091958bd25124412cdfce0bdca066b715b5615435c,19
000145c5,weighted_blend_4term_u8frac,ushort,"ushort ushort ushort ushort ushort",__stdcall_far_allstack,4c8c9727a0e4f584bd73fe5cf27ef8bcd47ec6099718d9f70fd7ac6766d32a19,31
0001460d,weighted_blend_2term_u8frac_div255,undefined,"",unknown,f3d4689f0657701a30105904807ce25440d998365e56389ecd8ec24562620d9e,29
00014656,table_lookup_interp,ushort,"ushort void *16",__stdcall_far_2arg,b0d4aec200658785f66505c5133d418d3726ef0b061643a07d16c688a8c4c871,99
00014735,axis_lookup_interp,undefined2,"byte void *16",__stdcall,11d3649e4d4abf46639066ad0b46ae478fce1804ee56640d151dffa908d0b8a8,66
000147c6,axis_interp_lerp_u8frac,ushort,"ushort ushort short",__stdcall_far_allstack,4496273f42510ef3d172093f457c76b50a8b888d9bc0656d2888d8ff4a534429,39
0001481c,read_indexed_byte_f1fc,undefined1,"byte void *16",__stdcall_far_allstack,5c7e21cffeb3127c519075a87cf7aba8d821e5eeabb83d1f0cd89fb7d8496eca,12
00014838,table_read_word_indexed_f1fc,undefined,"byte void *16",unknown,973173d7ebb73a314d5b2ec97e316d790ba1bc438e294fab8f51c16dd72bc37e,12
00014854,table_lookup_indexed,ushort,"ushort void *16",__stdcall_far_2arg,8f2d9d92bdb6c063dda01cd8059689222f371ba42c0dd9170166dd01ee16559c,18
00014880,table_read_indexed,ushort,"byte void *16",__stdcall_far_allstack,2589808b11d7e382fc7c70e180e702570f99c8a1d26bf26d7d96197423c2236c,14
000148a2,table_3axis_interp_triple,ushort,"ushort void *16",__stdcall_far_2arg,f607eb9142e0cd516887976584337a1afaf648f93c1259fdafe13b9a6b49506e,96
0001497b,table_3axis_interp_triple_wrapper,undefined,"byte void *16",unknown,8f2d9d92bdb6c063dda01cd8059689222f371ba42c0dd9170166dd01ee16559c,18
000149a7,gear_indexed_table_lookup_f1fc,undefined,"byte void *16",unknown,2589808b11d7e382fc7c70e180e702570f99c8a1d26bf26d7d96197423c2236c,14
000149c8,init_copy_const_block_via_memcpy_banked,undefined,"",unknown,5b9b1baa96a21480adb59313c0214408176d68a55c686fc3c35dbbbfe913758f,16
000149f5,eeprom_backup_table_write_dispatch,undefined,"",unknown,51f44ce3bf3bbc6edc97cef8cf08b61125fe55823cc7265e7bfa07bf69df2718,339
00014d6f,channel_validity_gated_handler_dispatch,void,"ushort",__stdcall_far_allstack,dba5641e3f7d3e90b6dba471ffe254a62d38e25edebc421eb002db7c6897e37d,42
00014dd8,adc_backup_snapshot_write_if_time_elapsed,undefined,"",unknown,19cfd78e8dd4590c86c0d2d1aeb7d2932831dbada83b18b7cef28f2fd85f21f9,103
00014edd,channel_periodic_update_ringbuf_snapshot,undefined,"",unknown,a3bb2e1d58519adcd5934774cf117d9f4a3957bb46ae563df443b1466ccba87f,142
0001504b,adc_5channel_backup_snapshot_write,undefined,"",unknown,4646e427061594846f6e58eff0c822359310a01c91901b663e36610d0407992a,116
0001517c,entry,undefined,"",unknown,843a2b5d3dd9b6a15e0a5174643dae135da2aec99aef2a550764a6af5c756334,11
0001519e,stub_empty_0x1519e,undefined,"",unknown,5c697bef04875c046830fdbe33a67873eac27f3e12c45c2ed89e3613cec580bc,1
000151a0,noop_return,undefined,"",unknown,5c697bef04875c046830fdbe33a67873eac27f3e12c45c2ed89e3613cec580bc,1
000151a2,peripheral_register_cold_init,undefined,"",unknown,e5c68242676ede6a8af4b574c40778fdd5b516a7adcc361750e6f60486540bb6,62
0001528c,peripheral_register_warm_init,undefined,"",unknown,d6eaf7fd94731f1cd96d70b7ad73a1ca8f0481244eb08ac04c1f9d1c095a8c98,35
00015319,update_flag_f9a0_bit6_cond,undefined,"",unknown,da138abf86e644ad749fbe358438d78d890d0ea805170f696a25c6a5ab276db2,13
00015341,compose_status_words_f0f6_fc,undefined,"",unknown,564e7ea08619357467972029e6cf8a73a18260d72771af08d91d6d72fef11d42,127
00015477,compose_status_word_f102,undefined,"",unknown,a3dc89dc7d926a7d01ad106ba641d276a460a963a6840703994666a923b83420,82
0001553d,check_flag_fe96_bit7_clear,undefined,"",unknown,efb5afe6f9a5d921669183a87486422610efe7d11be5b7a990b0af1f95ba6611,5
00015549,check_flag_f0d8_bit0_clear,uchar,"",unknown,efb5afe6f9a5d921669183a87486422610efe7d11be5b7a990b0af1f95ba6611,5
00015555,check_flag_fe87_bit1_clear,undefined,"",unknown,efb5afe6f9a5d921669183a87486422610efe7d11be5b7a990b0af1f95ba6611,5
00015561,check_flag_fe8a_bit1_set,undefined,"",unknown,1d826b2a94c45d796cf32e6c56bf018f5a62a083e0cba0b812acab339cc5612e,5
0001556d,adc_read_sequence_main,undefined,"",unknown,acd403b58afc0c3191a347b424162164beef58620380789758d8b9aee396b038,87
0001566c,adc_channel_read_and_store_f16e,undefined,"",unknown,cddf3acea9af090b596a50d1712a64d290812fa114625a9bae40a6a6eb5c4d65,12
00015689,adc_read_sequence_b,undefined,"",unknown,3c23fdcb57030974215a8c79923c2b6e45a69e151cf894ffa743bf78b0b65a9b,13
000156ad,adc_read_channel_6,undefined,"",unknown,fd480c0e4a94c4622deb5a63d65970a1fd3be1ac54be4085bafe6a85db6bbb4f,8
000156c2,zero_var_f15a,undefined,"",unknown,b81af3b0b0501e09bca51c6bf1f2376b5ae7bc3824e3166861bb31a01508b327,2
000156c8,identity_passthrough_u16_b,undefined,"",unknown,060d8a7cda012bbb7da8add845b4420b9d85d4a6d2035de723480e3687f0cf21,3
000156ce,mirror_status_f0e6_to_ports,undefined,"",unknown,a46e6ecc7be4086ad2c287d70e663d9310bef8e2dce1468045db2767cca37196,68
0001578f,mirror_status_f0ea_to_ports,ushort,"ushort",__stdcall,ad8186ae46f705c45cec60ddf9a82517fe902f736b66ca320bc40dfb5cf1a555,71
00015857,update_flag_fe97_bit2_cond,undefined,"",unknown,85e376e577fd879b1ef679b1c36972b96490d4cf9cf2bbb28d06c2dbcc69b4ce,11
00015877,update_flag_fe82_bit2_cond,undefined,"",unknown,0ccb98323c1a0a0c10e46d5be2e8b07067e23a13564f780bc16ec54cf9c829c0,11
00015897,toggle_flag_fe8b_bit4,undefined,"",unknown,21b803184143a10b63aaa531845885fbf3d1867fd4a1ea8714115622db40fefb,2
0001589d,clear_flag_fe93_bit4,undefined,"",unknown,7451c81dfe0391cc4db2fe7b3fd963c20da3b976e974238eec250e9b76e76b81,2
000158a7,update_port_fe82_indexed,undefined,"",unknown,0ddfb55940827a6a830a6aad76df9d8a92814a81de518bf2b1fbba1511496567,17
000158d7,software_pwm_output_scheduler,void,"",__stdcall_far_allstack,bb02a3487011b513849b3869ffdad7bff99a71fc22d034b7863d3240af899356,100
00015a06,serial_fef9_duty_scale_and_set,undefined,"",unknown,753f0f23183f7c52a80e7a70e7e9874fed4708b68f591bd2bd25c5fe61ceb717,18
00015a3a,init_scale_factor_f9ac,undefined2,"ushort",__stdcall_far_allstack,5f375b4b853bb45f3fc5cc7f6adf779c1196df085d67abe69c3198271302872c,17
00015a6c,identity_passthrough_arg1_unused,undefined,"",unknown,3f5e6261687cab194e88aacf51566f03a35147e028e56f277bb2e8066ba21d16,5
00015a76,peripheral_regs_ff2x_ff9x_bulk_zero_init,undefined,"",unknown,3d2bdd2f9d1a08f0f2ebe45a400fa2455925a133eff704408cd7fab06a5ddd27,35
00015aff,init_reg_feb8_feb9,undefined,"",unknown,b10192a36e5c644fd1d0723e72eb915f9971ef515feca1bee629ab83662effc6,3
00015b0b,noop_return_void,undefined,"",unknown,5c697bef04875c046830fdbe33a67873eac27f3e12c45c2ed89e3613cec580bc,1
00015b0d,adc_channel_convert_and_read,ushort,"uchar",__stdcall_far_allstack,4329b01d15a92a14ac4965bc79e7d629cc0f91ddf8a9307d8530b91bb6153b29,17
00015b3f,init_state_block_f97a,ushort,"ushort",__stdcall,d3b052461318c5f02e4ce8dff2cadcc1da6613c2532d20abd464788ada0d22d4,20
00015b90,init_flags_ff51_52,undefined,"",unknown,920f58fb30a405d00578b84c7bbd317e450eae9581dba0f6286b49a58a391412,4
00015b9e,sci1_timing_period_tracker,undefined,"",unknown,22e7867dcabdbe90229f8cb710513dcbc8e957c7537996ac06357ea72076efd2,32
00015c0a,isr_sci1_eri_reset_timeout,ushort,"ushort",__stdcall,f6e91f4da02aeaec2877e10c499ebdd22a348fa433be1d6ef9b5e4d70c5b5e2a,28
00015c6c,detect_sci1_param_change_reset,undefined,"",unknown,aee6a956c173b5608604621216d5ec56e7d9ac182c28f925fe2d924693cf9b43,19
00015caa,isr_sci1_eri,undefined,"",unknown,e700aebe0510d52a5971d98d06a856d18ca4a531d559f95cb956a4c05d4337f4,8
00015cbd,timer_block_cold_init,undefined,"",unknown,c2def471debaf2461064e834ea72df637862661214b551e69edb1fc2bbee0349,30
00015d36,timer_block_cold_init_b,undefined,"",unknown,59a5ae50dfd565d5a31d80be880871a4db8a12df85372aa6b870aae964e945c6,22
00015d92,isr_sci2_eri,undefined,"",unknown,86d9a23d72cc982b1d00f3f9df5acc6de1e65cfdc529b89117cca4d320e6bd63,21
00015dd0,timer_ff41_ff44_ff4a_cold_init,undefined,"",unknown,51ac4454ea37b89b43a55eed3f61509103c56352e1426e05c4e21214f71683f2,14
00015e01,timer_ff41_ff42_warm_init,undefined,"",unknown,e366b0990f5400150204c8c53e98c3e674e47054ecffdceeee3f33cbd6c40aac,6
00015e17,sci3_timeout_set_abort,undefined2,"ushort short",__stdcall_far_allstack,593f519da522321d4bb797c786e340306f334675b6f9db29d0dab1f29ab1f37f,33
00015e79,sci3_timeout_set_retry,undefined2,"ushort short",__stdcall_far_allstack,593f519da522321d4bb797c786e340306f334675b6f9db29d0dab1f29ab1f37f,33
00015edb,sci3_timeout_clear_flag,undefined2,"ushort",__stdcall_far_allstack,83c444efd1a9418de94e19ad80603fda0b4b8b5599829bc77162e27a2ea77d4a,23
00015f1a,timer_ff44_ff4a_arm_channels_atomic,undefined2,"ushort",__stdcall_far_allstack,061b4b2e3f1b62db5077027b4afbcfff44948f3d5e820c9cb461a140e53a30f5,30
00015f71,timer4_oc_arm_from_flags,undefined2,"ushort",__stdcall_far_allstack,061b4b2e3f1b62db5077027b4afbcfff44948f3d5e820c9cb461a140e53a30f5,30
00015fc8,isr_sci3_rxi,undefined,"",unknown,d3ca54da358f6c0b3e49842e35ea4d63ce8631be48188dc25ba4d583cffdf61f,14
00015fec,isr_sci3_txi,undefined,"",unknown,19591dd80240807c4c220ac8b5cfa201d15c12094b4989d6bb6b5c3dfc96c0c6,22
00016029,compose_status_bits_fe86_fe8a,undefined,"",unknown,79663bdbb6b6c2af44d40c60560a555505ed97d28badf787edb9f4156e30e34e,20
00016059,peripheral_block_ff15_cold_init,undefined,"",unknown,1886637323efa630caee22a53f8bef9b56279ee41fb798483910794ce9fb000a,14
0001609d,peripheral_block_ff15_warm_init,undefined,"",unknown,2f54e310c07dec8ce4c48c98828484b229d3ff3bb93c939f47131c80a7e0b20b,12
000160d9,isr_nmi,void,"",unknown,8d82c35442e51023be39ac2dea7c9806faf893408d961abdc104a42ae2bc0e6d,16
00016102,peripheral_reg_ff1d_cold_init,undefined,"",unknown,a2b73e666767e7eb55215010d4b1afde70bf3aee2aeb54763774b85a5696cee4,2
00016109,peripheral_reg_ff1d_warm_init,undefined,"",unknown,a2b73e666767e7eb55215010d4b1afde70bf3aee2aeb54763774b85a5696cee4,2
00016110,latch_flag_read_fede_bit1,undefined,"",unknown,81563c0de77d83ebf7f14585a89e9d0c9c4734280c5758466a9f61960fe2fc6b,9
00016128,check_flag_fede_bit2_clear_if_set,undefined,"",unknown,81563c0de77d83ebf7f14585a89e9d0c9c4734280c5758466a9f61960fe2fc6b,9
00016140,latch_flag_read_fede_bit3,undefined,"",unknown,81563c0de77d83ebf7f14585a89e9d0c9c4734280c5758466a9f61960fe2fc6b,9
00016158,stub_empty_0x16158,undefined,"",unknown,5c697bef04875c046830fdbe33a67873eac27f3e12c45c2ed89e3613cec580bc,1
0001615a,stub_empty_0x1615a,undefined,"",unknown,5c697bef04875c046830fdbe33a67873eac27f3e12c45c2ed89e3613cec580bc,1
0001615c,propagate_flag_fe96_to_f0d8_db,undefined,"",unknown,edd72b30d4419624fe0b08ccd3d323a4bdc2628ae428c456de415413e07a5670,38
000161ba,peripheral_block_ff90_cold_init,undefined,"",unknown,f525333ad99e98192a2fb23444959634f292d77114e94950be5fe844a5c7ebda,5
000161d0,peripheral_block_ff90_warm_init,undefined,"",unknown,f525333ad99e98192a2fb23444959634f292d77114e94950be5fe844a5c7ebda,5
000161e6,scale_counter_ff96_to_byte_clamped,undefined,"",unknown,0f7d3236b385154ebdc2e6e69bbe0644b06a5e732611dd1bf2025bfc72b39250,22
00016222,init_state_block_ff21,undefined,"",unknown,57900a799a1d26816e8f8d69646dc3156917b8b467f1099578cdcef7b6bea12c,20
0001626c,peripheral_block_ff21_warm_init,undefined,"",unknown,9b5324e550061db86fc655021e9b9ff61f5c5f5a0e1a04d7c3daefb6d4a67045,12
00016297,multi_channel_reg_write_and_poll_ff2x_ff3x,undefined2,"ushort ushort",__stdcall_far_allstack,6df33a54d003d5b72f9f0d934525a6bd6258ac11c32da1f028c86f4e62810623,95
000163cc,isr_adi_adc,undefined,"",unknown,412a5ac27f8209d0ff69a9d6b5f781ab8998b2b422f3180acfdab66a06718426,12
000163eb,ff2a_set_clamped_to_ff26p2_atomic,undefined,"",unknown,598670b4f6facbf5d3240534ba2382c482efec470df778c5ff796260675913e4,15
00016410,compose_fe86_fe8a_status_nibble,undefined,"",unknown,727b698fc29336442e16f006f175567ffa6671f4ca41879e76616fe48d44d6f4,16
0001643a,timer_ff51_ff54_arm_init,undefined,"",unknown,69fc8d2302760db4913a2e32c2c2c4fe069b0c151285dd56ab6c55d2bdf7b3f6,11
0001645e,timer_ff51_ff52_disarm,undefined,"",unknown,e437fadbfe2b3c1ddd979673ad257f4bcd12ec73008e789673487ee4b319671c,4
0001646c,init_state_block_ff54,undefined,"",unknown,8afaff06ad1a1816459f21c68dc3961cae2baae5f6654703b0ce21a9318c0bd0,9
00016488,timer_ff5a_set_clamped_armed,undefined2,"short",__stdcall_far_allstack,a8bf7ef84f8e624d21c9d329d6dd3752eb6a29a3dacaa6b3fe02ee7dfa6e2963,17
000164b7,serial_fef4_cold_init,undefined,"",unknown,8c13600a2abf15e99e5330f5fab438c12c51860a44b307285892def9083963fd,9
000164da,serial_fef4_warm_init,undefined,"",unknown,611895daf291f8191c5df956b0e537699b63846e3ecd52c541753efb1ede784c,8
000164f8,serial_fef1_set_clamped,undefined,"",unknown,0801334c4d38e3fa21020b7d77ee1280062de70fb7a10c8d93bcc3329735a3cf,5
00016505,serial_fef5_set_clamped,undefined,"",unknown,0801334c4d38e3fa21020b7d77ee1280062de70fb7a10c8d93bcc3329735a3cf,5
00016512,serial_fef9_set_clamped,undefined,"",unknown,0801334c4d38e3fa21020b7d77ee1280062de70fb7a10c8d93bcc3329735a3cf,5
0001651f,peripheral_block_fec0_fed0_cold_init,undefined,"",unknown,675d33ad575e01b9b9d79c8f9f97c9c16ae9e1980fe31d0e5a2bce910bfe72f7,13
0001655a,peripheral_fec0_fed0_state_update,undefined,"",unknown,ba91aefd4c1a961a6e1653be365362f01aaed2e4d0749b1c5115e209526d7b48,51
00016600,serial_fec3_load_byte0_init,undefined,"",unknown,0f9687049d6bf2d1bc81e04f3642de445ee6408387c7e5414044a991ea98e213,16
00016631,serial_fec3_load_next_byte,undefined,"",unknown,c14b4949bd0b43e2d44af0b7e1e584090f6327b0c04025b4e7d6703c9221e947,22
00016680,serial_fec5_byte_to_fifo,undefined,"",unknown,dc6650604ba81a1e692bba6d225a1bfbfe07dae53da240a7768efdd8157ddd71,25
000166cd,latch_request_f588,ushort,"ushort",__stdcall,d1f3d8ca1390cb573cb1142803d5d24778667c46db5e6e567534e8245117a68f,4
000166d7,sci1_tx_response_feeder,undefined,"",unknown,580e798a0d6415b67ce638ceff1b9ad62588c1a7673672d34fdbf85f9f86ba06,21
00016716,sci1_rx_frame_accumulator,ushort,"ushort",__stdcall,5846705d05f5182a69f980e3a92bb0109d61f73150003c7f84bf911ed1d6f114,32
0001677c,sci_request_latch_f58a_conditional,ushort,"ushort",__stdcall,d1f3d8ca1390cb573cb1142803d5d24778667c46db5e6e567534e8245117a68f,4
00016786,sci_fifo_f58a_advance_and_load_fed3,void,"",unknown,580e798a0d6415b67ce638ceff1b9ad62588c1a7673672d34fdbf85f9f86ba06,21
000167c5,fedd5_fifo_rx_store_byte,ushort,"ushort",__stdcall,5846705d05f5182a69f980e3a92bb0109d61f73150003c7f84bf911ed1d6f114,32
0001682b,isr_tpu5_tgi5a_sci1_rx_poll,undefined,"",unknown,7ca3d919837fd35f3c28b87bdf1427ea188edca0d0cc247d67b39e8d0a916edb,19
00016865,isr_tpu5_tgi5b_sci1_tie_clear,undefined,"",unknown,9751695d9c7849ee7b4bce6966bc8edc95ae360b220591e748efdf1cd3bee326,5
00016872,isr_tpu5_tci5u,undefined,"",unknown,a348e45e71b725304e310d1d426f0d89336567f42c9ee1444cb6ed1c7a22ff66,12
00016890,init_state_sentinels_f5d2,undefined,"",unknown,eb65bcc67ad4fe746439d90577bf4b698e4906beb486bf49878886f87225fab2,21
000168d9,peripheral_ff42_ff62_enable,undefined,"",unknown,1e86e6467626dd435e54350e02f7a0a117ee92f4e8f7e6468f1e64cf413e8d55,3
000168e3,isr_ipu_ch2ch4_input_capture,undefined,"",unknown,4fa6c39c9eef3e4723d75863a28656be7d9225197c38df15a238438b4fd15dae,146
00016a97,flag_read_ff43_bit0_inverted,uchar,"",unknown,efb5afe6f9a5d921669183a87486422610efe7d11be5b7a990b0af1f95ba6611,5
00016aa3,peripheral_block_ff70_ff88_cold_init,void,"",unknown,27bc6e12aed631490ed6ff5c10430a77364e88d78762bb88824049d69b111dce,59
00016b83,peripheral_block_ff70_ff88_warm_init,void,"",unknown,54b9ec3a96d38fb9f46c2741bc4d774bcb5dd9cd24335942ef4f8716d539ee8c,36
00016c09,f978_read_and_clear,ushort,"",unknown,7961824431daeee45d4cff4c2bbffabb07914f462803c64d16b7389c0d275b0e,3
00016c13,f978_increment_on_ff73_bit0,undefined,"",unknown,98e799932073684e407373a36166f500f2b819714a215acc8134c936dedf2b98,9
00016c33,ff88_set_scaled_clamped,void,"short",__stdcall,e3c44cd05c7710d011e9ad7759aad07bec198cca548e4cd5a06d419f64d37d0c,12
00016c4f,isr_tpu3_tgi3a,void,"",unknown,d96e0b18841bef88d0f574ac32d89fcdf3663d43a5ea01252ecb761595091254,80
00016d40,pwm_ch0_period_track_update,undefined,"",unknown,baf80d40fef24d9c7c25372d402e7bb968acb3216d6412bb947d0c10e101ebde,71
00016e1c,pwm_ch1_period_track_update,undefined,"",unknown,baf80d40fef24d9c7c25372d402e7bb968acb3216d6412bb947d0c10e101ebde,71
00016ef8,isr_tpu3_tgi3b,undefined,"",unknown,298c8314565eb9f2b0c89e88e15098c0bc14b306d7281108a396dadde3e66f90,16
00016f23,f9a0_read_clear_bit0_atomic,undefined,"",unknown,c8f0395ef615e3c00f385708cad5e6fe0993e5d7a53069fb9a42e5b7bf406297,9
00016f3b,f9a0_read_clear_bit4_atomic,undefined,"",unknown,c8f0395ef615e3c00f385708cad5e6fe0993e5d7a53069fb9a42e5b7bf406297,9
00016f53,f9a0_read_clear_bit8_atomic,undefined,"",unknown,c8f0395ef615e3c00f385708cad5e6fe0993e5d7a53069fb9a42e5b7bf406297,9
00016f6b,peripheral_block_ff00_cold_init,undefined,"",unknown,aaefde8d9250b5d6ca3d795cb4b55f1adbaefed023bf0217672a169342f02cbe,26
00016fe2,peripheral_block_ff00_warm_init,ushort,"ushort",__stdcall,846eacf853e11ad42402a880496b4019d549b0253d00033bceb83847f207ead3,49
0001709a,sci1_rx_setup,undefined,"",unknown,7fb9f2bff8a3d32456ed31b1cd2498b0650c0936676bc9300e81b10805b88ec3,20
000170eb,sci1_tx_setup,undefined,"",unknown,ad037f4c663999a99bc0eeb5466c1c11aa94db9473dff4febae6865a1c08740b,20
00017154,ff0d_clear_bits5_6,undefined,"",unknown,f7e1eea64581b63060400dd0158e0b9f68646a47a26d2c788e861f9dd12be835,3
0001715e,stub_empty_0x1715e,undefined,"",unknown,5c697bef04875c046830fdbe33a67873eac27f3e12c45c2ed89e3613cec580bc,1
00017160,adc_sensor_convert_multi,void,"uchar * uchar * ushort ushort",__stdcall_far_allstack,525f46ef25293ee3393a0cdb35e5773d0cfacad90eeaf31c096fbcb6d72d8992,42
000171c3,adc_sensor_convert_single,undefined,"",unknown,71d20a218f5978116153e1805866982568083b6938b40563bf2f306338fbda53,29
00017206,byte_sum_banked,char,"uchar char * short",__stdcall_far_allstack,be27d8d8ac232a7eefdfef697245ef24948cfeae48064330c68f4eae1f8ff57b,17
0001722b,sum_byte_array,short,"uchar uchar * short",__stdcall_far_allstack,0de30c91045c6547ca153b51d2fa1e65fb5462fc56af34b30e41a7effad8c1ab,20
00017256,memcpy_banked,void,"ushort ushort ushort ushort short",__stdcall_far_allstack,0387a99b962dbc0f748680d7f8a138cc662ea3cab5a74b0bb034fb3e11541533,19
00017300,stub_empty_0x17300,undefined,"",unknown,5c697bef04875c046830fdbe33a67873eac27f3e12c45c2ed89e3613cec580bc,1
00017302,engine_state_f498_init,undefined,"",unknown,448823b6e8dcd655dd18f3a6e4b3c5450317cab92c7e5b614eb421f7606af2ec,23
00017361,periodic_task_dispatcher,undefined,"",unknown,c2f86705ab0324cffcf38483d00870bd839c792466d3fb40b5efe41723c9df80,21
000173c0,ign_advance_f0e6_bit7_update,undefined,"",unknown,4ae9ec28c0a4b2f1fa6d9ee82d4b519608c0fdd5921670bd60ab75da32c8a653,11
000173e0,ign_advance_table_lookup,undefined,"",unknown,093fe3a8196d4dc058721c7d5987d262d301645598c09f1994b2bb77b828b91d,65
000174a1,engine_mode_f20e_f510_check,bool,"",unknown,6c2068302ea0beb97c2b3338d9924fb74d062cf6608120661916e8e5956c3970,8
000174c0,isc_f0e6_bit0_update,undefined,"",unknown,14036f5f840a286b08964ac7ee65b91809d14b6e5adc01abc4f1c7d2a8173515,7
000174d4,knock_condition_eval,bool,"",__stdcall,934c6fe7af70d05cb90287c3206095b17765099e812af0db5ccfdd3723893780,100
000175f0,isc_target_calc_and_store,undefined,"",unknown,0966f5c0ce6c8a2e7e3479228d461c20bce4cc7705231f798757f95d1880f72b,34
00017654,isc_condition_eval,undefined,"",unknown,84d674aee2813e20d4cda12e983d39005e1bb18a87ca5f84f4691d1a0a4f36be,76
00017742,isc_stepper_enable_check,undefined,"",unknown,0c95343ee470120d65f188179ff959d25b17515cf1d270b46fd1feb64be71218,150
0001792f,isc_decel_fuel_cut_check,bool,"",unknown,8b3d28244065356b1190c26aff484a60baf7f8cdb691af8fc70dab691227a656,38
0001799f,isc_f03e_f45a_timer_update,undefined,"undefined2",__stdcall,61180739b03c053dc8bee2a9ea301f7ab17fa51a72af152a629ea406edd6991a,21
000179e5,isc_stepper_mode_dispatch,undefined,"",unknown,40e6495aae3d32cb4e42e2788c6fa68a255612b59dbf77543574b03aeef0bf61,59
00017a94,isc_stepper_position_calc,undefined,"",unknown,6250c1b484e7030ce4e58b92ad744e1d26bb87b1c222b7927e8d11ea6fc46723,102
00017bc2,isc_stepper_secondary_position_calc,undefined,"",unknown,bf0cd60bfb140cf4d803425f12625108fd8a576ebe90a9aa25d757edbbcd5d3c,60
00017c75,isc_openloop_target_calc,ushort,"",__stdcall,ea05ef0d6f7b87c1170aa842438798a52ebd0be8bed99f555f30c61e4d1a0a15,115
00017dd3,isc_integrator_update,undefined,"",unknown,7d19b6fd14b7a63794a7a22556fef7d60ff91a469f9ab85f2741e94fba093d92,331
0001821d,isc_stepper_blend_from_struct,undefined,"",unknown,c1a447f7794352a47794ea5bd8105148fc039d62db589a591019bc7b4573b6af,76
000182e8,isc_stepper_output_calc,undefined,"",unknown,7e4168aa8477d1a04a24ec9f30c62600cc49bbdbc7e069ccd2762670617b49b9,38
00018357,isc_f462_integrator_update,undefined,"",unknown,84b483e286236665385028371572eefbc8db9cf999bfdea00bf410506aaa3c7f,73
0001842b,isc_dashpot_override_check,ushort,"undefined2 undefined2",__stdcall_far,73953f70bfced9aed4accb6c7e5fc43777d8d4ca83c8a05d66b7d1e4b0f03823,16
00018450,isc_f462_position_ramp,undefined,"",unknown,0da2561767a1c839f890899ffd56c7006be57120acb5191bfb0bfec6605108c3,39
000184c3,isc_openloop_stepper_scale_calc,undefined,"",unknown,4f1e47e89915a04265ca47fa68f4e173637e6d16ea6a780f727297af4bfea103,19
00018502,isc_activation_control_f466,undefined,"",unknown,837cbfc073cc448fa706f997b614cf6e87ac092812b57f7467cbe39b133e3734,58
000185a6,f0ea_bit6_update_from_mode_check,undefined,"",unknown,d0eca950d97e13054b8353ff2952c717ca521fc84dd3633b0b1443e10f80a21a,19
000185de,engine_mode_f512_bit4_check,bool,"",__stdcall,6c2068302ea0beb97c2b3338d9924fb74d062cf6608120661916e8e5956c3970,8
00018600,egr_f0e6_bit1_update,undefined,"",unknown,e004445b12828d1a5e567ae88aa83322124f56832ef8397285234b834230311d,13
00018628,egr_activity_condition_check,bool,"",__stdcall,d9b91969d34bf4efd7daa551b96994d3e9cd983306f91ac26132d8e401841204,12
00018650,egr_target_f448_update,undefined,"",unknown,2fe3f5f58fdd2539ac13ba0df69e53b473937b365ef4494f0166ebfaf4dc34f5,21
00018689,egr_coolant_rpm_enable_check,bool,"",unknown,6c8db8707e226055bac947d50255e5c9ae5267707cad8c5d5a58240c0c59a4ef,37
000186fa,egr_duty_target_calc,ushort,"",__stdcall,ae426f48379d4825605888f4e6ab2e476993bb58039523db7be9526a3a2f4fe1,51
000187a0,egr_mode_dispatch,undefined,"",unknown,0ad12ec5bb21d2efa7ecd10625f8439bf52d2749d84ce1799fa93b49e4a3e45a,14
000187cf,egr_sequence_control,undefined,"",unknown,b0e970b76d204b2a6b51669435c9b8187d1c49c5d96e38c32a12164f8a41e5db,42
00018848,egr_valve_state_eval_f490,undefined,"",unknown,deb80177c5505ed21e51f92871296c6f97d8719fff9fa2ffd1b9a13ccd4abacd,130
000189c0,egr_f490_condition_flags_update,bool,"",unknown,ff5810e55c54acd1e176de095fd1c27de1e7317aa75692e7a08cc8e769589005,49
00018a55,check_hysteresis_gate_f490,bool,"",unknown,634a170dc87d766c9fae6407510b2fc496187ead3772a6c846dfe7aa9a73e9d9,47
00018ae5,check_mode_gate_f510,ushort,"",unknown,a2264a0733ea29e499503eb2a98847cb1c53787c9aaafe2574b2196b2cc08aaf,18
00018b17,egr_f490_gear_transition_update,void,"undefined2 undefined2",__stdcall_far,9cb8c107646e1901c7d6bfd901e09f8c0818a73282d07b15d09d50bf7dcc6159,25
00018b63,egr_f0e6_valve_bits_update,undefined,"",unknown,703a5c56048eb082d8a0b6d125ffe13a9e8325a03c4281f6b797bfc74e034e4e,31
00018bc2,egr_position_target_f494_calc,undefined,"",unknown,f20334b758b22d6a8006898e0dc2675c27e15d491246be1697185a9808d30c97,87
00018cd0,egr_table_row_lookup_f496,undefined,"",unknown,6ff62e3480879836ae1e5530b41facc54e61ec1c0e7c016b2220e9f214b37750,65
00018db0,purge_f0e6_bit2_update,undefined,"",unknown,ce65010f7cb225fe2342192dfa85bd5e5be6ce6328cd34e9f84f44f1fc597396,9
00018dca,purge_enable_check,undefined,"",unknown,e07efff57475ca45165a60e512403c39833657d1dbeea6c45fd266d378908fc3,54
00018e70,ign_advance_top_update,undefined,"",unknown,f80e153cdb51c6095724b565c476096e98d88353008ca8e188909b20d4fce083,13
00018e93,ign_advance_enable_flags_f440_update,undefined,"",unknown,d26c46d662613b692335ac310c44be21dbc99574e3907d262540b41aefabaeee,78
00018f8a,ign_advance_base_calc_f860,undefined,"",unknown,2c203ba1401cf4351dc26a47669de7b8a57877c7397e8ee3e33147b542b446b0,30
00018fe0,wgdc_correction_integrator_update,undefined,"",unknown,9d7a0047b89a451063f0e948a961ecab15a97fab24a6613636bc91b14ab78a50,87
000190df,ign_advance_idle_correction_f44e,void,"",__stdcall,12c9eccf68eaee5780dc28b405b01fda259cb35c6077c170118e3df6b4e4785c,15
00019110,wgdc_output_clamp_f44c,undefined,"",unknown,dd98df422161f367ac74306f8c18bc72872b6fa08dca7dafa3e9c8e0a6e154a9,45
000191a0,ign_advance_load_correction_f450,undefined,"",unknown,0639c9e714498380cb5c77d7716a2b668c93f8694671601104514ea1ac211f72,21
000191f0,rpm_map_zone_flags_f43e_update,undefined,"",unknown,c9073bd6b04fccb34add151103302c482ea36bd3d9507d2bd86b26e0555bd9dc,24
00019240,f0ea_bit7_rpm_zone_update,undefined,"",unknown,c0ef1433d7c3b06cc2d8f83401dde50723df96c7b7b2eb1281b2f5cbe5992d14,27
0001928e,f0ea_bit7_f43e_bit3_clear,undefined,"",unknown,e398be7e96703eab28c4a3aa66014ed650867bf5f458f32225ea9a375dd2346c,10
000192ac,rpm_zone_enable_check,bool,"",__stdcall,8293d153262769212a12c1368a01f5008f5457e7cf981c9debdfb58686463c5e,53
00019350,f0e6_bit6_update,undefined,"",unknown,14036f5f840a286b08964ac7ee65b91809d14b6e5adc01abc4f1c7d2a8173515,7
00019364,ign_advance_rpm_zone_enable_check,undefined,"",unknown,b1fd735892506a610c8879748a51c48d151772ada90d7ce71fca8d5a85010c52,46
000193f0,stub_empty_193f0,undefined,"",unknown,5c697bef04875c046830fdbe33a67873eac27f3e12c45c2ed89e3613cec580bc,1
00019400,canister_purge_control_flags_f4d6_update,undefined,"",unknown,e1490d2d232427a34c2e8ff400a39212b0800dc4f6ba8dcd0803f1a2f80fba6b,67
000194d0,canister_purge_mode_dispatch,undefined,"",unknown,a4a475d9b0130d3d61d175ebc0d640aaaac69c8738a72743380c5707a75657e2,10
000194f2,canister_purge_gear_mode_select_f4a2,undefined,"",unknown,a6e667d9f84b0d70cd8ba980e2d75bba2376fb09f91ea542ccd3274855c02ce2,21
0001952c,canister_purge_feedback_active_check,undefined,"",unknown,edc57161fa911bdf89eaf13823705f24e0bd6e1c38abd7d03d4dcbe79fe0a310,17
00019560,canister_purge_duty_calc_f4ac,undefined,"",unknown,013581c5c91951e6b5d2ccc7119fdd1e2612dda070d195c765008cd4365335bd,70
00019640,diagnostic_status_f4b4_build,undefined,"",unknown,f0e30dc1838cd927da34b262b6b9a32eabfccb3094586a0a7fafa4afa63556aa,75
00019720,o2_sensor_control_dispatch,undefined,"",unknown,f5ceda70e09c3e8ed1d40ba3b51fbc77cab6690149b238db9190d04f15409006,72
000197f4,o2_upstream_enable_check,undefined,"",unknown,d8cb7a2bf3eaabb7803da7a74ae777c434fc9506e3916daa90836b0f10f1fa7a,78
000198f2,o2_downstream_enable_check,undefined,"",unknown,d8cb7a2bf3eaabb7803da7a74ae777c434fc9506e3916daa90836b0f10f1fa7a,78
000199f0,calc_load_correction_f10e,undefined,"",unknown,5ca2818b59813a98fbcf7296fc3ad869e041b02eb06e19d792d24aad4abfbc09,82
00019af0,o2_heater_fuel_ctrl_top_update,undefined,"",unknown,c166203754293c0c2a918d4dfbd78dcc1af4c1be34e69ae56c8c8ffc1ef48b9f,17
00019b2a,o2_heater_timer_f088_update,undefined,"",unknown,7eb591b904cc4207a5453274cb565c4028ffcff2338e0ef88819d8dcbc6a998f,17
00019b5e,o2_heater_iat_zone_select_f4f0,undefined,"",unknown,c18df4290e7f50a3b63e0fe44c52652cc3ee1de978690e9ec9b1d2aba39edb5e,30
00019bbc,o2_heater_duty_f4da_calc,undefined,"",unknown,cc219c6d2ae4a0e83ad6d2b98f90bc6620da74b9d2ed0b2db79e505bee06d993,79
00019cb3,o2_heater_duty_downstream_correction,void,"",__stdcall,25de5a886eb6e65fdf96bf54d837a3a94f1bd1f1931a619ca4db221a12c66f03,30
00019d0e,o2_heater_soak_enable_check,bool,"",unknown,e03fc7095d0a39ce52348dc6015f23b62343ed0567d86ce8ad5e5a1e6eec43bf,20
00019d4b,o2_heater_force_off_check,bool,"",unknown,68dc1a1bb15167505a4510f4385a884bbeb84ce7eba38f175df5ff69d506629d,18
00019d80,channel_dispatch_and_snapshot_update,undefined,"",unknown,2d39343cb97de436dc0dbcfa6c785898ff478a60c9cf9fd8b6fd682c62d5aeca,75
00019e6d,channel_event_or_periodic_dispatch,undefined,"",unknown,df37d952c36359c6ebf3034dc7ada422bbc5cd12e3568ec918eb636dff58cd1b,54
00019efa,channel_data_flush_if_active,undefined,"",unknown,bc82521bdb1bfdaba834a3d465021eeb9019ed4fbaddc00f5dcd95d21b9e0129,23
00019f35,o2_lambda_or_passthrough_select,undefined2,"undefined2 undefined2",__stdcall_far,8b861fb3f5f71dc50071e20e45a4b8a004ab9b27bba8f74df41914e2ba7f3743,8
00019f49,o2_sensor_gain_divisor,undefined,"",unknown,d71f5d54b4291c2eb1bf3b7da672e2a4c112db112245ebb77a9086bfd0bf0943,18
00019f77,o2_wideband_mode_zero_check,undefined2,"undefined2 undefined2",__stdcall_far,40d2d1e237e0d5ad702416ad949199c0d7f8f21f47e1bd5805712c06c4d2b806,12
00019f90,o2_wideband_cell_offset_adjust,undefined,"",unknown,6c578c79edbaabfadebce5e7770245c0d5a7e77c02a759f51f163d46350554fe,37
00019ff2,o2_wideband_midpoint_select,undefined2,"undefined2 undefined2",__stdcall_far,24982a6ef205c94b1285247d7cf7e113ba867dd0da2b249d51efbcd7be98ba87,12
0001a00c,o2_lambda_correction_apply,undefined,"",unknown,953a39e441ea45b7b97a551998ee46ca039e4a674d353b8580f27a6ad68a8509,22
0001a042,o2_sensor_mode_correction_select,undefined,"",unknown,fd4fbfe222a4086cb4aadd0c803fa3af874719d4513cfd5aa35d2039a809e3f0,41
0001a0a7,o2_wideband_lsu_mode_check,bool,"",unknown,46abf8cbad189aa7ece3d98d46a15e0f247b1ac69b410a5893d354e5c2510db5,13
0001a0c4,o2_mode7_8_correction_apply,undefined,"",unknown,953a39e441ea45b7b97a551998ee46ca039e4a674d353b8580f27a6ad68a8509,22
0001a0fa,o2_mode9_10_correction_apply,undefined,"",unknown,953a39e441ea45b7b97a551998ee46ca039e4a674d353b8580f27a6ad68a8509,22
0001a130,o2_mode11_lambda_select,undefined2,"undefined2 undefined2",__stdcall_far,0c0f72bd62be43f559a00ee8614e216951382c868461a78009046ddaf018d0b0,9
0001a146,o2_mode16_lambda_select,undefined,"",unknown,0c0f72bd62be43f559a00ee8614e216951382c868461a78009046ddaf018d0b0,9
0001a15c,o2_closed_loop_config_check,bool,"",__stdcall,20de4d1d6df2826ddbbe358448d4da9132aecb22819ab18a51b18df8266bec71,15
0001a182,o2_sensor2_correction_apply,undefined,"",unknown,631f8cf124580945f6b22e9645b26bcd826d4f96c5ae5c08555c4c2920945412,23
0001a1b9,o2_sensor2_mode3_midpoint,undefined2,"undefined2 undefined2",__stdcall_far,414937918fbc4d67d9ceffce203d8971aa1bc7662af552f3835f9600bb178e8f,8
0001a1cc,o2_downstream_type34_check,bool,"",__stdcall,8db8c7c55fe2343f5b46815caf1916e010c1e959addc87c31a04699dcbda97bd,11
0001a1e5,o2_downstream_clamp_by_type,undefined2,"undefined2 undefined2",__stdcall_far,1fd14eb2824cdd2b0b7305f3f6e185e01d10134d5e732f42ab6c4dbc880d220c,14
0001a205,o2_wideband_mode82_check,undefined,"",unknown,8484c980847e2be259108e15b4e46ba01dd95673b026bc7615570064b3804139,5
0001a212,o2_sensor2_mode20_select,undefined2,"undefined2 undefined2",__stdcall_far,0c0f72bd62be43f559a00ee8614e216951382c868461a78009046ddaf018d0b0,9
0001a228,o2_downstream_mode20_select,undefined2,"undefined2 undefined2",__stdcall_far,0c0f72bd62be43f559a00ee8614e216951382c868461a78009046ddaf018d0b0,9
0001a23e,o2_downstream_mode21_select,undefined2,"undefined2 undefined2",__stdcall_far,0c0f72bd62be43f559a00ee8614e216951382c868461a78009046ddaf018d0b0,9
0001a254,o2_config4_mode16_check,undefined,"",unknown,8484c980847e2be259108e15b4e46ba01dd95673b026bc7615570064b3804139,5
0001a261,o2_downstream_mode17_check,undefined,"",unknown,8484c980847e2be259108e15b4e46ba01dd95673b026bc7615570064b3804139,5
0001a26e,o2_downstream_correction_apply,undefined,"",unknown,953a39e441ea45b7b97a551998ee46ca039e4a674d353b8580f27a6ad68a8509,22
0001a2a4,o2_downstream_mode64_select,undefined2,"undefined2 undefined2",__stdcall_far,0c0f72bd62be43f559a00ee8614e216951382c868461a78009046ddaf018d0b0,9
0001a2ba,o2_downstream_mode66_select,undefined2,"undefined2 undefined2",__stdcall_far,0c0f72bd62be43f559a00ee8614e216951382c868461a78009046ddaf018d0b0,9
0001a2d0,o2_mode65_lambda_select,undefined,"",unknown,0c0f72bd62be43f559a00ee8614e216951382c868461a78009046ddaf018d0b0,9
0001a2e6,o2_downstream_mode48_select,undefined2,"undefined2 undefined2",__stdcall_far,0c0f72bd62be43f559a00ee8614e216951382c868461a78009046ddaf018d0b0,9
0001a300,o2_trim_cell_states_reset,undefined,"",unknown,13751a54af2180736e01dc2f4e4502224f8c885916e62d1abe0e26413c6f083a,2
0001a306,fuel_trim_full_state_reset,undefined,"",unknown,13751a54af2180736e01dc2f4e4502224f8c885916e62d1abe0e26413c6f083a,2
0001a30c,dtc_and_status_update,undefined,"",unknown,c2832402ce29c06beae47fda6be32dd4cecd2a5b9ee386b3634becb4b64ab581,4
0001a31a,status_flags_f202_build,undefined,"",unknown,e2b76d0a881d6738c4dfe37f08f4a1ad8b7734a8771eed896c257a7ac8f155cc,30
0001a36f,dtc_status_flags_f204_f206_build,undefined,"",unknown,de68f3dcef5fbf9d8c3f0f42c486bc3ae4e5df0ac241b8137eaed4fc222ddbda,113
00020000,flash_boot_init,undefined,"",unknown,f80780fecdf37b14d0196da73c564b25ec0023017f2d53870bb190012decf7c6,12
00020024,boot_ram_block_copy,undefined,"",unknown,40335c2ba0901f1a949ffa1ac639b552e9a2e625e7591d107c1c69ff35ab0b1b,6
00020030,boot_main_loop,undefined,"",unknown,2459c800e60faff50a19ad39501920e676e1eb62a89a31d24298a149ee129f6f,9
00020048,boot_sci1_init,void,"byte",__stdcall,489d891c400d54975df8f93caf0681d3321f032200b86e851e6481471021c2b7,12
0002006e,boot_sci1_receive_command,undefined,"",unknown,f1f0938ba0d4e165a73b8f88c725ba45160ee55edcfd7e224706e9b5a6fe1eeb,9
00020084,boot_sci1_receive_config_bytes,undefined,"",unknown,3fc5dde6e4e688dfc64f2ea9dcadc2eb0b732d312403cd020c64570b407e6096,43
00020104,boot_sci1_rom_id_verify,undefined,"",unknown,80f39669e2325c81940f6a8d7880104bb5aa3258f40c8abc6c21bd6ad05bbf98,19
0002014c,sci1_boot_cmd_type_rx_validate,undefined,"",unknown,eae27a656b976ca11a21c085dce13fab84e9c68532adb3c8373bfe8e8289763e,15
0002016e,sci1_boot_cmd_dispatch,undefined,"",unknown,a6c7f949a5d91eccd2740addb784868b2be15417ee1b6427d1517b5cb0abc08d,34
000201c0,sci1_boot_security_seed_check,undefined,"",unknown,c0c507891ecd156deb4c4ef857be21e90f36d55b6e159fdc920627497d65f202,13
000201ec,sci1_boot_flash_erase_dispatch,undefined,"",unknown,2954c6c03d501339ca2393e70d302f05ba9ecf0dab0d9a2dd975df87719900cd,11
000202b2,sci1_boot_checksum_accumulate,undefined,"",unknown,13ebb9cad72fe41a83d1d55372164291f913a36b474fe6a9d902741d6b62ec1f,10
000202c9,sci1_boot_flash_write_param_rx,undefined,"",unknown,583b10f12066e8de54da14154c1724cab39194eec1d292ed54e3b0aa7233cc71,26
0002036d,scratch_pjmp_demo,undefined,"",unknown,180f5b331a4200f3b210a1cd14215a4779da7dd17f99c78524ebf2b65575ee8e,4
00020379,sci1_tx_byte_blocking,void,"uchar",__stdcall,c80223d2502b05596bfce2ef284e4a6d4bfff9af3427dae9a1fdb3b373321a16,5
00020388,sci1_boot_tx_then_rx_transaction,undefined,"",unknown,3dddff36471901376028f220abfe48b8ae9fcbb1a20a0c1178cfd8336acecee1,3
0002038d,sci1_rx_byte_wait_loop,undefined,"",unknown,7e726878eb1bf27ce999d6094bb0fe968910a5ff6552330a1a1109f66c636e4a,6
00020398,sci1_boot_rx_byte_enqueue,undefined,"",unknown,ca458ece21a14bcd3cadc1fdb5b0f1427b97bd9daf74b3e7ff911b7469871bb5,4
0002039f,sci1_boot_rxbuf_write,undefined,"",unknown,ef4758ccb870c56281d50c6a4c639788b037689cdd56bff62b9d24c41916e1b3,12
000203bd,sci1_boot_rxbuf_read,uchar,"",unknown,b8a2bf4266e58d6daf956607846e7c27f1ab97e29ffafb82e27386189abf307c,15
000203e4,sci1_rx_byte_poll_or_error,undefined,"",unknown,704b50dfa3fb50d6374bcaff6c9e9e9786ef6875aec4884fe659ab13ad5123bc,20
0002041b,sci1_boot_tx_buf_drain,undefined,"",unknown,58dadeaa2ff9cc9dd04be3888786d121a06a7d281827e66ee1866ca09853a9e7,8
0002042c,sci1_boot_handshake_and_bulk_rx,undefined,"",unknown,a90d658b4953f3f03ffed701b074713c75726b81d0d363f16f98c2868cdf9413,19
00020461,sci1_boot_flash_addr_range_validate,undefined,"",unknown,fcffd65c923e9242d01acae6ce0686825b5c2e827024e77dd266008a506979ac,47
000204dd,sci1_boot_flash_write_block_loop,undefined,"",unknown,fa0c9c40e3f9efec8c4a006a09901a76f32c0afd8c4faef8b7d24f4f73c4eec3,70
000205a7,sci1_boot_build_data_frame,short,"ushort char * ushort",__stdcall,55fbfa333551ddfdc0da74ad266e7fb2e7a2a66df20913261fd7c41ec5f10dea,41
000205fe,sci1_boot_build_row_addr_frame,undefined,"",unknown,5c594b69ed2fe4846a5b339a967ccb73b3903f22a8a88b5f7abc959581e4924a,31
00020640,sci1_boot_switch_case4_frag_20640,undefined,"",unknown,923c002652441d02d3071ba970fdbe61aec25c2b55f3909bcf019a9183030927,3
00020646,sci1_boot_build_eof_frame,ushort,"ushort ushort ushort",__stdcall,38b557ad2d30efbbfd249a4aadc5fdb4893ed2f18b1d9e8477145cb597817851,10
00020664,sci1_colon_frame_dispatch,undefined,"",unknown,ccd4196b66b0d2e0187869d78ff14267d1ea70e34e50dfe57e05f24beb2a4a3a,31
00020715,sci1_boot_ihex_colon_record_decode_dispatch,undefined,"",unknown,2e14429d62fd1020467b2d9924a54f061875628720c0b2518dc35c5bc040a3a9,25
00020782,f26e_cluster_accumulator_unrelated_to_ihex,undefined,"",unknown,e006f225b59bd216f01f996e82089f6a51e2b43fc1a8253eb961991be3d759c9,48
0002080c,flash_erase_sectors,undefined,"",unknown,5670ff65a30dca74ad6ab507536c830376b921653e0a5cc71bd2c7fd860bed50,18
00020844,flash_write_or_verify,undefined,"",unknown,ba4b7021dea7762c97dc17de297b19901a1fff72e7fe99c20cf7be4892666300,27
00020888,flash_write_marked_blocks_loop,undefined,"",unknown,2a65a1a1edc01520ccbf5cc6cdedad3f19ec9902d354705376278570cdd17a18,27
000208c6,flash_byte_program_verify,ushort,"uchar char *",__stdcall,0ddfcd591eac291acd558b364a2c0a83f810644e158a8ce926a2b32b1d6211f3,27
00020910,flash_timing_delay,void,"short",__stdcall,a522f179c8d6ce027b6ad285cf3ad0595ba1fd42a715ca21fe61e68ba77f54b3,17
0002093c,flash_erase_sector_loop,void,"",unknown,9294cc94917d77692029239ffd1587c37ebbcf8ec3eea859d13d6c04cd280fd9,32
00020992,flash_vpp_pulse_handshake_echo_verify,undefined,"",unknown,23da6453d9ae01f6636aba0badc8ff2e9771c61fa58cc2dc5b6f30be6f2a109d,44
00020a80,main_loop,undefined,"",unknown,0fa2cab0639b71c30e01ddc1ccc0246c33a435216955ba67618d4257f848ce0b,30
00020b00,cold_init_dispatch,undefined,"",unknown,d87d11750f539f7d023c45d0e015c4fb9bd579d82f547ce70bfbdb50081b180f,8
00020b1c,subsystem_cold_init,undefined,"",unknown,9cb0a335264b66b4a56e8c6b2fc5f8f532f15004d35c7b65208defc2e722c106,17
00020b5e,check_cold_init_complete_sentinel_ef62,undefined,"",unknown,9241d53906da7e268ba6d222795cf57d0155053fe55e81d73e47d1a4bb3a8b8c,123
00020ccd,subsystem_unconditional_init_chain,undefined,"",unknown,d5e5139ba1ab10bc2b27a9064881b17bae653be49885c80afa3d8b477807e61e,30
00020d80,peripheral_cold_init_wrapper_set_ef7a,undefined,"",unknown,4ea4f7637a60522d289604fe91c9f882d92b9d0d89a43f418f564de7faf69ba5,3
00020d8b,status_word_consumer_periodic,undefined,"",unknown,29d094d60854cca9597fdf78162c440af5efbc3309ae31783877e24f575caeb2,27
00020e00,init_ee82_ee8a_from_rom_const,void,"",unknown,9eeba6000c11cd7f051b6a799588e4e1f44ed9f7964b8abcc881b1424c8ae500,4
00020e10,post_init_status_compose_and_ef98_signal,undefined,"",unknown,73ac2ccb1cfdcf4edc2f59819f35f86f866ddf7f6a8734ee2cbc9bcaa38a879d,30
00020e89,table_select_scale_fanout_f1be_f1c2,undefined,"",unknown,3b60834d186b03c6571e54c12c131baa0d78f40977f04cb5fedb05196ca5c746,36
00020efa,main_loop_engine_control_update,undefined,"",unknown,1163c6b60c43463716de91209aca97c24bfaa93e3b208b45c46f3e751a052a95,12
00020f28,gear_state_config_loader_f1fc,undefined,"",unknown,59d32b4b783e4c88d592289b075e2453a69f60d518ccbd4f8bc2a55ba19e1bb8,43
00020fb1,cond_reset_and_latch_f10e_f118_prev,ushort,"",unknown,c737625d3c381d4cd4640dee7f34fdd76bff0e728c60fd61ef430a74e52b7d89,15
00020fe5,periodic_status_compose_and_stall_check,undefined,"",unknown,3457d46fbd8f7615e16b271581aa1b5da00448d461419198f8ee30bb54c0d2ec,8
00021003,compose_status_word_f0f8,undefined,"",unknown,f8603cbe03267d2cd04f8ebda45ec479b2706791dc0950520c6f0e813015c955,90
00021107,fuel_cut_enable_check,undefined,"",unknown,3789b7a829c1d0e75b7b08b5a308ea786af89f524446c9d76fc3018066c451d2,52
000211a1,fuel_cut_rpm_offset_select,ushort,"undefined2 undefined2 undefined2",__stdcall_far,67aad0460d7aef896613b87268455f4cbfa5e67f988c48cd6587da90afd30c69,16
000211c8,crank_stall_detect_update,undefined,"",unknown,39b4a9a1b58c59931994a43a133e5b0bdcc378bc1b914de88b404f4600ef21f5,15
000211fb,sensor_adc_update,undefined,"",unknown,08051f3ac8797407d38dbb64f44a30126b6185f723c019d8767c235f942abffe,8
00021219,map_tps_axis_update,undefined,"",unknown,cd97b1d906bd312c076fc4f3d3218d10173971dda81d218661ee98cfa3a7641d,30
0002127f,tps_range_clamp_update,undefined,"",unknown,7c2f12645237658b8bf031fea97d44198e1b7684f6824dfe3514485ea43ee636,51
00021314,calc_f110_f10e_via_table,undefined,"",unknown,9dd2e167824396442bef1d7122a872a4a21b9324ddfa421b14b7bee2307e2bc5,37
00021396,iat_axis_update,undefined,"",unknown,6d9bb6b1b3e9abef9cd2b60c2c83e76cd4c77bee6fced28d0c8532a53af3cbc6,20
000213da,calc_f118_via_table,undefined,"",unknown,98314fdb23e7e5088abcd52793da61f6816bc0a5af80ad5c266ebb8004255664,17
00021414,coolant_temp_validity_and_scale,undefined,"",unknown,948f2c78108f9a95b825118f09811c05e8cbb598ce538427ddf93b4936b7f6eb,16
0002144b,coolant_temp_range_check,ushort,"",unknown,ffb7a286fb860fe802c5f110f623e60b7740e204ab159970cf3e5b3ca869e6b1,17
00021480,manifold_heat_enable_flag_update,undefined,"",unknown,cf790be95d98b4eda705cda7e5ca5ab544c760b5005b47915749172c490b93c4,35
000214ea,tps_delta_calc,undefined,"",unknown,031c7040208eb5a29eee94f6e5c0316d3420778241c1982e9709f8b1bb604315,25
0002153b,iac_position_integrator,undefined,"",unknown,eed2f78cf02ef0110cf452152ef94646da8ea77dd5075c80703a0a5b0b8b5cc7,47
000215c8,idle_closed_loop_ready_check,ushort,"",unknown,f199ef18467620263149a06d44e8d5bd8a05befc45a7fb3513a282c64e97be59,35
00021636,throttle_target_ramp_update,undefined,"",unknown,ef3a664e8adc830ec7144d4162a24722b9a1b149dd08021c6903e211c20c50d5,125
000217b6,throttle_ramp_enable_check,ushort,"",unknown,1ed04a0fca73bf66aa6bf1bd64481aa644f2ef740c5aedd4159ce6d76ed5d3b2,16
000217e3,throttle_body_update,undefined,"",unknown,c646afc8de8065b50588a464cd029ec50b6d0bf85f5980a655f6b5d94c83a6e3,12
0002180b,engine_torque_scale_state_reset,void,"",unknown,93979e5329424c543dcb6e48b3211c5976831e7f9841b7a274e458b8f6f10a96,17
0002184b,engine_torque_pct_scale_calc,undefined,"",unknown,0a437d220588c5a5acbbb79e1a5db11e5f98910466adedc107f8c45e145797f9,39
000218c0,throttle_body_pos_error_calc,undefined,"",unknown,84f4c4b63747a47fd0b75c01433f3bda4057a0542a8a3ad5c34364a6b745a292,32
00021928,throttle_param_table_select,void,"",unknown,ecd0bfb4605fde50474d02c6248d2894bf49c1043afb8c861ce9c293cf0a2273,8
00021942,lambda_enable_flag_update,undefined,"",unknown,f8c59f4881b6496c454543da50dc3f32c53eec9dbf4fe5f30eb606167159e1a8,11
00021962,lambda_enable_inhibit_check,uchar,"",unknown,925dfd00d06d438b0ece45287d63d7794e9e97d18d2c871637c8c0c3e98f3544,11
00021983,lambda_correction_output_calc,undefined,"",unknown,4932bbf9870d58c1b977ecd4f9d8a3714fcf7ad7ae1bf194dabd2eef36d82d89,31
000219e2,fueling_lambda_update,undefined,"",unknown,b855c6690946e204a04787015c6329b8866e812824b6d7c78376019fe238ab6f,12
00021a0e,fueling_base_injection_calc,undefined,"",unknown,7ff98e277078aa338ed0fe1a35268b99c191c4f4a3150d6a7e2d3299e15424ac,51
00021aa5,fueling_accel_enrichment_calc,undefined,"",unknown,4fd4f0c3331cdfdff1ccb1b9f559d86ac308b638f28946c19ae4117278fe8ebd,26
00021af3,fueling_openloop_output_copy,void,"",unknown,0f70dd3e5e8026b87854b84e86f697921efaecd580ad8b5976ecefc68572f902,17
00021b2d,fueling_throttle_zone_flags_update,undefined,"",unknown,4d92b96d200a5b5f72ba5d8053b7d8d395f61f40d3957c1b364b86ba1afaa318,30
00021b8f,fueling_inj_target_select,void,"",unknown,3b5e3380aff98ccae849614f8ee96cca54925f2b48b5f752ca1361b2c2af3c9a,33
00021bf3,fueling_inj_accum_clamp_drain,undefined,"",unknown,e6f9853e60ed72efe2a462692dc12eaa7880fe3de2552d469dfbede12cec0401,19
00021c2f,fueling_inj_pw_calc,undefined,"",unknown,177136c158b0b3a4c391fa927d6618afb4639c892e52b67a230d0c9c40b14181,116
00021d5e,fueling_wideband_output_scale,undefined,"",unknown,964b2cbdb0b104f5352ff5182cf13170b894adb0163e7eaed485457c5acbd08d,36
00021dc8,fueling_coolant_inj_offset_calc,undefined,"",unknown,ccbe0ae782f91d458aa03295116127053584b83b89ec2392da796f58f32270e9,15
00021df5,rpm_load_zone_counter_update,undefined,"",unknown,d08395db958d8848328919625a5d9a4f62db026a5b5db052f0e6180a770072d4,65
00021f00,inj_channel_state_init,void,"",unknown,426fa5ceee1fd38aa73ac3e5b78c7069eaf959cf36a2b6432a3e5c5ff65d3be4,10
00021f21,ecu_openloop_state_reset,void,"",unknown,060d8a7cda012bbb7da8add845b4420b9d85d4a6d2035de723480e3687f0cf21,3
00021f2e,main_control_loop_update,undefined,"",unknown,989e0cd90c8f7ace0c3da5c997e44d486e55e629d22f54d1bd1bc8a755acb168,17
00021f70,control_state_latch_prev,undefined,"",unknown,d00f73d4f392677311082dbcaabcfbc496c60d7cda0935dc6821c5ad5d62339c,9
00021f92,diag_flag_clear_and_param_reload,void,"",unknown,d3797028de3fb53a683d737b21b6d396aa8cedec5d632f4228b642c3f1e695f7,4
00021fa0,f216_bit6_update_from_hysteresis_gate,undefined,"",unknown,ce65010f7cb225fe2342192dfa85bd5e5be6ce6328cd34e9f84f44f1fc597396,9
00021fba,f1e6_hysteresis_gate_check,ushort,"",unknown,5386eecc68caecbe5c91598798beb337d7dd0bb3e1f49277c85d34b73f67c82b,23
00021fff,f33e_bit0_update_from_rpm_load_window,undefined,"",unknown,14036f5f840a286b08964ac7ee65b91809d14b6e5adc01abc4f1c7d2a8173515,7
00022013,rpm_load_window_condition_check,ushort,"",unknown,094b30db275baed15d3700e15e16cfa32284b92626439834f8b023517c2ed34f,18
0002204a,f216_bit4_update_table_1cc7,void,"",unknown,1046bc51c4416cfcf001c116313c17bfb93564697cef6f484f83324a109f76f6,19
0002207f,f216_low_nibble_update_table_1cc3,void,"",unknown,aa1e51084df74983357a4277d365df5a00d13acc9885073bd31ac7f853aa0244,36
000220e9,f218_shift_in_f216_low_nibble,void,"",unknown,0cef9e409bc4951d00ba6bad67cb518cb1deb9e5537cf3d880c3ec84c5ac9763,15
00022111,f216_bit8_update_from_recovery_chain,undefined,"",unknown,91b461170c77348d35ec13e50f3695caaeca0e199f0fc192ba400bb53ca6053a,21
0002214a,f224_threshold_tier_and_change_flag,void,"",unknown,e15a1541411a2a9976176eec49668855694e7a3eb61b7b1b8544aa9d067071a9,25
00022193,stub_zero_0x22193,ushort,"",unknown,b81af3b0b0501e09bca51c6bf1f2376b5ae7bc3824e3166861bb31a01508b327,2
00022197,ef9e_latch_from_multi_threshold_check,uchar,"",unknown,c30e67ca75c8cb57807b2b0d048c5e0204ca4c14ebdc8d0f66c6de8ceaa27a87,29
000221f0,efa0_max_hold_and_recovered_check,ushort,"",unknown,5a1074cac0c0968d71cb8d46e0d05295a5929ae4fab562b11a2007eaf4688936,19
00022225,tcu_link_confirmed_flag_f226_bit7_update,void,"",unknown,234025fcfd2c4176415a5cd7f464cc2807277230d318ee20ce7e4c28ade91f19,16
00022256,f226_bit8_update_from_f4c0_check,void,"",unknown,6c327e7ad6b6e34adb8213cb63f550991e6b30bc8d69a30c17282f75dc401cf3,16
00022284,f25e_bit6_update_from_decel_fuel_cut,undefined,"",unknown,64cc81fcb0668bb6271e1ca4855ccbca4b7a290e210211aaff27b103568d3ce2,11
000222a6,decel_fuel_cut_eval,undefined,"",unknown,f386dc99d1afed057a626f851adfd74f4e2a8081567407f5266855e57ea3a880,73
00022377,check_flag_f0f8_bit2_clear,uchar,"",unknown,f76fed7312c5b00232c19034c4e1f28a94d353d3ec0ba156f2ecf58e89bcd09f,6
00022386,aux_load_enable_flag_update,undefined,"",unknown,b5db19c8a98c075d4a1345a02d8cf9f7d64d54777f2e69c050cd159621eebe0d,9
000223a0,aux_load_condition_check,ushort,"",unknown,0f70a8445d6ff25865fc772886fc1ca07d74c85d17121e1df4cc0530ee5e6556,17
000223d3,post_start_enrich_timer_update,undefined,"",unknown,53b916e9030d0b6ecd855360199b06da01cb391679228050b2736795be94ba42,38
00022442,o2_heater_ready_flag_update,void,"",unknown,7b01aafbb424901ea642d6a88b47f4abf1268e1edcbcb2441ecb8f43b73deb8c,22
00022488,mode_state_update,undefined,"",unknown,08051f3ac8797407d38dbb64f44a30126b6185f723c019d8767c235f942abffe,8
000224a6,openloop_mode_bit_update,undefined,"",unknown,14036f5f840a286b08964ac7ee65b91809d14b6e5adc01abc4f1c7d2a8173515,7
000224ba,closedloop_inhibit_check,ushort,"",unknown,4b8bcb090750d78b53cce6d038fcd7303457eceb81f88204d3c0e2a9159fcbac,10
000224d5,cranking_mode_bit_update,undefined,"",unknown,14036f5f840a286b08964ac7ee65b91809d14b6e5adc01abc4f1c7d2a8173515,7
000224e9,cranking_detect_check,uchar,"",unknown,77fce91ca72942e6256e0c2470ba8e4f28898265ff264d26b5eba1f93460f58d,33
0002254b,warmup_mode_state_machine,undefined,"",unknown,6c71a8d8e25d3892ff575338c63df0f48b6b414a05a73161fac9f4cd763d0638,43
000225be,closedloop_eligibility_check,undefined,"",unknown,e3259254a1c6b23bbe7ec7d42a9acb59f8b2ffd3140d30e52e13b2a5c5a384eb,91
000226de,rpm_sync_ready_check,ushort,"",unknown,ca176605907adfb901ba437d1ed8fec588f7ab4329d895700751bee42c450426,11
000226fd,closedloop_fuel_ready_check,undefined,"",unknown,699bb3c8b17826e3af9031cbeba85cb96ce514f8dfcc93bec7b8de39ef170370,25
00022746,o2_temp_ready_check,undefined,"",unknown,b6f33613c5008f551208b7c8815298a3e051d22b03be5b727a9cc7b4954f1d5b,29
0002279a,o2_ready_timer_update,ushort,"undefined2 undefined2",__stdcall_far,0102785ff9a3924e30a698829edcc34a6a3594c04f9962f956a0656301aa680c,40
0002280f,warmup_ign_advance_correction_calc,undefined,"",unknown,77ea48b2be615637194e34c2292301c2fb4ca3191567564fb58857cd9f851066,48
00022898,warmup_correction_f25a_f0f8_f212_calc,undefined,"",unknown,a4badecd081dfdc54d0a887b8bb233b79a0f8fcd9a36637fc9c1ce54c8c48975,32
000228ed,f216_bits_f188_f17a_update_and_warmup_gate,ushort,"undefined2 ushort",__stdcall_far,d7d4e0448fae8b7780963627ddef6481104c1f28b0a3d8e5379f48c8a90197a8,49
0002297f,warmup_complete_gate_check,undefined,"",unknown,108e7783972f57a92e2d74c8282624737db2173d22ed6d950dbfe9df7254599b,23
000229c0,f20e_bit1_mirror_from_f1fe_bit3,void,"",unknown,6f3b47cc733a1c0fc0beac20b4e487afcad20a1029aba03470c159890b1eea56,6
000229d2,engine_mode_dispatch_and_f240_edge_counter,undefined,"",unknown,671985c75dfdf401d64b533026023a59f39d0f7f2aca385331aacb39b8a7aa93,39
00022a57,f240_counter_reset_and_f074_table_load,undefined,"",unknown,50c01a258db520473897da1e9a0e9cb34226d2ae2ba4adfdbc829897163fb44b,18
00022a97,f21c_bit12_update_dispatcher,undefined,"",unknown,8f78c809bdf82e4278f94da2ed9cb7554bd24060290e1b018865d97d40ee1bf5,9
00022ab3,f21c_bit9_hysteresis_and_f23e_table_ramp,undefined,"",unknown,b1952f4cf99edecd2a858fa6475f1b967b24407f6f28cfadf5c7109c0adab1d4,86
00022bb3,f21c_bit8_hysteresis_from_table_variant,undefined,"",unknown,c35c8b66ee8a7ac12fddd02eb043cc4dfec195de467ebff68b3ee67daeeb208b,31
00022c11,f21c_bit12_source_condition_check,ushort,"",unknown,3942fd083605241a2a0695fd88dc5dc5942468369b1181f5998e13e28f0a4f5e,27
00022c60,f21c_bit1_update_dispatcher,undefined,"",unknown,14036f5f840a286b08964ac7ee65b91809d14b6e5adc01abc4f1c7d2a8173515,7
00022c74,f21c_bit1_source_condition_check,ushort,"",unknown,2765796335e283fea7a38bf83f23a89a0f68e49356ac89eaa8d5fb45b889fec3,8
00022c89,f224_bits01_update_and_efa8_edge_latch,undefined,"",unknown,b20506367137bc60d93cf3c3aec3e9910d662312659849899043101fd49ee089,48
00022d12,status_word_composite_multibit_update_via_table,void,"ushort",__stdcall,5c974595650d958e01a993e0232e9736f525ac0c21c4da80fbeafb9c9fcf9511,122
00022e38,struct_bit11_toggle_from_gate_check,undefined,"",unknown,11b324c5be818f946915124571ff899e84c8b4d21ba0c843fc96a17378489b28,21
00022e64,f21c_bit1_and_struct_bit5_gate_check,undefined,"",unknown,b3d3434c37712b87c99846b306188d9941812d16c0740de17cb5a26c76a77505,29
00022ead,f20e_f210_clear_chain_and_o2_closedloop_gate,undefined,"",unknown,136ae68e4ac28f970fc04654497f59cc220d113c045bffea0b0ac59801c6b7ee,39
00022f16,o2_sensor2_threshold_flag_update_f226_bit13,void,"",unknown,4fdf5ae58223ac84940e3e2d329d72aecac28785acc8ac4155d1e4aa247a203a,34
00022f82,f224_bit10_update_from_f20e_check,ushort,"",unknown,677321f74300d233fa412ed542d0d87da1bd64e50077106a6e629eade31fb194,5
00023000,init_state_block_ee98_80_call_wrapper,undefined,"",unknown,13751a54af2180736e01dc2f4e4502224f8c885916e62d1abe0e26413c6f083a,2
00023006,init_state_block_ee98_80,void,"",unknown,426fa5ceee1fd38aa73ac3e5b78c7069eaf959cf36a2b6432a3e5c5ff65d3be4,10
00023027,f2f0_f2f8_ring_and_f27x_f2cc_periodic_init,undefined,"",unknown,1efe42618610d53093f954b3d196be3d182bba6ad82b8a5bb2671358350dccd8,32
0002308e,engine_periodic_correction_master_dispatch,undefined,"",unknown,b95273be86c5cf993cc189f0dbcd07bf4789165660872a466024c91ec1322550,14
000230c4,knock_octane_trim_master_dispatch,undefined,"",unknown,ef6cd8858f93b43a4d8b2f7a298ad9e93658da91ec40c11450d839992050f1d9,26
0002311b,f25e_gate_chain_dispatch_b,undefined,"",unknown,0191bec84282bf6e489d8861e54d015c74ab699220e393a4cd0b39b8cbbaffc3,3
00023125,f25e_gate_chain_dispatch_a,undefined,"",unknown,dd7c01fc51666bece7aeb235273a01f88905a5b4bad6bc334081b7ecd0b58828,9
00023145,f07c_multi_channel_threshold_gate_check,void,"",unknown,bc53cec24c50f4d2daca5f867b670a817dcaff1e3530ce900701105f00c51d6c,16
00023179,f25e_bit10_update_from_f216_gate,undefined,"",unknown,c95c622f5fa0a2483d838582301e76ae52b0064aa1425175e3b176a61ac7265c,9
00023193,f216_bit5_hysteresis_gate_check,ushort,"",unknown,77b285de596cb65100ccabba25cdcf033b5c021104f0b4a15d6a97c8e04db03f,23
000231da,f25e_bit11_update_from_f224_gate,undefined,"",unknown,5234f2383830a9f911c40adb5c9bf82663c4efa36561cb17e9b28b6d3defe79e,9
000231f4,f224_bit11_hysteresis_timer_and_gate_check,undefined,"",unknown,32be2acb73891009c1c58325bfeb7c22ee65692df87c14b1421a9128edd841c1,70
000232c3,status_word_bit3_conditional_update_via_table,void,"undefined2 undefined2",__stdcall_far,e982a1135c180404975c92064849fabbac8467ccc4099712b6ab8d363617e690,42
00023332,f25e_bit8_update_from_f110_gate,undefined,"",unknown,14036f5f840a286b08964ac7ee65b91809d14b6e5adc01abc4f1c7d2a8173515,7
00023346,f110_f17a_threshold_gate_check,ushort,"",unknown,26fe0e3f0c01ed87acab1d86832c76e63a423a2d73351582d4c671be82e13bf6,15
00023371,f25e_bit14_update_from_f186_f17a_gate,void,"",unknown,155c7f43f1b26452aee04e75343d9dbf4ca044a66b8fd8ed0f1b31a98a651cac,12
00023397,knock_octane_dual_axis_blend_far_trampoline,undefined,"",unknown,13751a54af2180736e01dc2f4e4502224f8c885916e62d1abe0e26413c6f083a,2
0002339d,knock_octane_dual_axis_table_blend_f2a8,void,"",__stdcall,c8420371d132fa76a342b19d88e7ecf9561201172c4c0fee8a0e01fc1465b46e,44
00023424,f190_f196_select_by_f1f0_f21c_gate,ushort,"",unknown,8d90d660f85a98caea01ac8775f4278cc0caa8a26439e98dce571617eeb2c752,13
00023448,f28e_f292_knock_lambda_composite_calc,void,"",__stdcall,10b7e4b9a8dc7c12a61f2223ace2f29142bdf6f0b6a5e5bfc444d9a63aa90006,64
00023523,f2a0_f2c6_dual_timer_decay_and_f2c8_blend_dispatch,undefined,"",unknown,38b94efa4a1c0e029bb3893b626979a7d827195b40c2a4eb8d3f8d8fb1bdf8b1,67
00023606,efba_timer_target_select_from_f2a0_thresholds,void,"",unknown,e0355616a012bf218b5bb6d61afc167f9b79a69763e646b84b301051224a8cfc,28
00023660,efbc_timer_target_select_from_f2c6_thresholds,void,"",unknown,2baea9ddc1ee11a75c636e16b2e3b70047cf79ef38c9e7f86ba186dfb70b4ddd,18
0002369a,f2b6_knock_retard_state_select,undefined,"",unknown,db9624527db44a45fb5e4114487ce97e4c08381c8a4c9dac4f305ac57116e886,61
00023755,f2ca_table_override_from_f114_gate,undefined,"",unknown,1401860e84f75faa830223000c60518764ae3b4c4aefe5394ec1668759f9d949,24
000237a0,o2_closed_loop_fuel_trim_compute,undefined,"",unknown,bbdc59fdb9469d09498d1f6c8e78577878b5c3d1e18849c1b67890f4382f3d22,113
000238d8,f0ba_f2b2_threshold_blend_calc,undefined,"",unknown,f993336312ffcfe058182b6dc3d8cd705b235e2566bc7ae45f65d9f0b62099ab,30
0002392c,f266_knock_octane_composite_trim_compute,undefined,"",unknown,f85227eb9c1447a9b017ed3404655a5410b15e81c161dc75fe19423787b5c1d8,139
00023a9a,knock_octane_secondary_dispatch,undefined,"",unknown,a394e5367b1c14461752561fd33f905d9c62ebdc30712c6e9eed470c2857675b,5
00023aaa,knock_octane_secondary_dispatch_sub,undefined,"",unknown,eaf3e1783e8f90cb60aeb9552ef8f27d1ce97a3f76d791d2a17d6e7a50b98e54,6
00023abe,octane_trim_f262_f264_table_select,undefined,"",unknown,8337b0284b5275084839d2271d9546fdc69c93b5a6599244336f8e007198a3d8,113
00023bf9,calc_staged_index_f0f8,undefined,"",unknown,0715a2d06b308f25e6ac2e08426cbb1bd88e90f8002ab5f311c26395304d55c9,30
00023c4a,knock_octane_trim_gate_dispatch,undefined,"",unknown,c9d4731a97821ac88d5d006bbfc8215d415a45fa4561999fd94c28f41bbdfdc0,6
00023c5c,knock_octane_trim_gate_condition_check,undefined,"",unknown,022e2c7280759224999df8bf4fe5d6032c82421d20a37fc6e0952b4de54d4354,42
00023d4f,knock_octane_trim_ramp_update,undefined,"",unknown,26953740187137bc680f0e61ba7c6d6738c165358ff75928c787db78b0f55ec1,64
00023e60,status_word_table_subdispatch_group_a,undefined,"",unknown,5286c9d496e2b2cf08fcaa9c5426774978de44537589682f31b20ca9bd8fec55,18
00023e8b,f276_f27a_dual_channel_compute_via_table,undefined,"",unknown,4907912449485caabaee8933a9eb15874241a3703ed78d67a54af051da764827,30
00023ed7,f26e_o2_closed_loop_output_blend_via_table,undefined,"",unknown,e5ecef385eddad350c07d6109df1fbbac86d2c840f7749f58af34197420ca285,96
00023fc7,o2_closed_loop_mode_selector_via_table,undefined,"",unknown,904720397ee58ed8f58f4ac482a2b6fe51414bd24cd26f3ba7c4f11910d72cd3,47
00024044,f286_knock_octane_secondary_trim_compute_via_table,undefined,"",unknown,f76499ad3af44fb778242c484c19bec9e7cf9e2af300390c0d9b6d193a2ece7a,101
0002415b,f27e_table_indexed_clamp_compute_via_table,undefined,"",unknown,eec25b87fd24b8dc61e197fd3f0800d9998e698d3e81c46d92881cc8aa0775d5,65
00024207,eeac_adaptive_trim_learn_update_via_table,undefined,"",unknown,ffa7ce565ec3b553c786ef284db7de97b8ac6d72c3b1f93ea5329f397fe53abd,73
000242c1,f1fe_bit3_clear_and_f1f2_bit4_set_check,ushort,"",unknown,94d8339e841ca9478a6d4f57940ee19217e2fcd6b8064fe0edc52c75fb722c23,20
000242f5,f0ba_f2d0_o2_mode7_8_correction_calc,undefined,"",unknown,7eef98b7c71653579316e21796713556b87bd82cc2df3a7fefb9f5b9830c2e7f,67
000243bc,f2d2_composite_correction_calc,undefined,"",unknown,ccc96afa53dc533c618ae8ab56cd894fb4a2c5539fefc85f85e7247f892adc3c,152
00024552,table_1e4a_lookup_with_f2d6_d8_reset,undefined,"",unknown,e38724c21ccc99efe9158d67aa4f80825bb3564fe41fbaf94153cf2781cfd245,22
00024596,f07a_default_reset_return_0x80,ushort,"",unknown,bb30aa9b004e321578f64a772d3ea5193b63b8765c1f24d1c51c22874283074d,8
000245af,f2b4_threshold_table_lookup,undefined,"",unknown,2bf01f9a20c6309f0ab12e2e69a74a0f8368b30dfa6a4afc2b8bf0bfc6c4b60a,47
0002463c,f2ce_f2cc_o2_mode11_correction_calc,undefined,"",unknown,ce912490cccbb5de0d1ff35077b3a5df25e57e1d2f5141e9e75fa9018341a50a,21
00024680,injpw_airvol_reset_on_fuelcut,ushort,"",unknown,b67355fa2f8b8d85fe1089f2e668f0a8395f7158e449cece93af68c825d20f52,14
000246ae,f24e_f254_f970_f972_reset_on_f20e_bit4,void,"",unknown,dc7d3d65aac24b35bad751f7d35261c45f3a649aec4f0ecdcf3d4df11fad8992,15
000246e0,f2e0_f2ee_correction_dispatch,undefined,"",unknown,c2832402ce29c06beae47fda6be32dd4cecd2a5b9ee386b3634becb4b64ab581,4
000246ee,f2e0_f2ec_composite_correction_calc,undefined,"",unknown,4386f3f831c139c0c2386c9ba02e2a0d4eea9a13ef98dcaa045315052ba7e036,138
00024884,f2ea_f2ee_composite_correction_calc,undefined,"",unknown,5f029153279a805b4a8fdf3b5a537cee8b36a916ce683ec8169f564a9e65216a,72
0002495a,stub_empty_0x2495a,undefined,"",unknown,5c697bef04875c046830fdbe33a67873eac27f3e12c45c2ed89e3613cec580bc,1
0002495c,f310_f316_composite_calc,undefined,"",unknown,6ecbb17a7b70707cea71a1363f713f5b0456f219a544affce1046dba5bc9e5f3,50
000249f2,f250_f252_channel_snapshot_update,undefined,"",unknown,5a79faa2b996d0f94588cc9e0f60ed2f30cf18f04c9966a553308c4ce08263bc,50
00024a8e,f31c_bit_toggle_pulse,undefined,"",unknown,2518b6bd97320bd94f21f4b1aa8ae0f3b1c608113c35e58f5d7fa627bcdc8784,182
00024cd2,f31c_bit6_set_then_clear_pulse,undefined,"",unknown,cb161ed436f4b9748d859fcb2f325846f703bca1f3a46ef0aade9148877a1c42,10
00024d36,noop_return_after_f31c_pulse,undefined,"",unknown,336525146ddac5b456bbf65bdf04fee93ac05fcd2f48c2e0650d7f3866a44fa8,2
00024d3a,f25a_f2xx_state_mirror_update,undefined,"",unknown,52d63d2b4a38d952374a5311a8cd441cbff29827d029a5a5c2e2e40fe312adde,53
00024dee,f856_f858_clamped_calc,undefined,"",unknown,aacd9af5668e9ae60dc8ed2d66c43592794ab4b24b09bf66f06caf4310dbd8e7,37
00024e80,octane_level_init_or_force_from_gear_table,undefined,"",unknown,d029938de2eb3cdb37219e4b137a83743c509418529a1c05ffa092fdfaa71019,20
00024eba,tcu_slip_state_block_cold_init,undefined,"",unknown,f489a4b6f8b01d72e3be4cdd2a286c7ee7974732a0900a4d475e402f9317347b,22
00024f04,tcu_slip_control_init,undefined,"",unknown,2659079285ddf1869cfd0715f4addcc08eb5f0015b738c4745334fc2417ffc52,18
00024f48,isc_f33e_periodic_dispatch_group_b,undefined,"",unknown,1163c6b60c43463716de91209aca97c24bfaa93e3b208b45c46f3e751a052a95,12
00024f76,mirror_f18a_to_f18e,undefined,"",unknown,060d8a7cda012bbb7da8add845b4420b9d85d4a6d2035de723480e3687f0cf21,3
00024f80,f33e_bit6_update_from_table_da2c_threshold,undefined,"",unknown,8f11bc1b2913b4f8a15eb491d6b07bde796170539b460a2d42c465d5614c06d9,10
00024fa0,f33e_bit7_update_from_f0f8_gate,undefined,"",unknown,14036f5f840a286b08964ac7ee65b91809d14b6e5adc01abc4f1c7d2a8173515,7
00024fb4,f0f8_bit12_active_bit11_clear_check,ushort,"",unknown,c7ed2db1717893c115870f9202df1980838578f21044b051562b6c426fb8ec94,8
00024fc9,octane_level_gate_and_reset_dispatch,undefined,"",unknown,b9af5d146eed24fefb8be99fa735362299dc5491dbd83139f89f5ef7b61f13e4,24
0002501d,tcu_slip_and_ff54_reinit_on_f20e_bit4,undefined,"",unknown,2a0328d870b3bb3e0c0afc46ee74f60d9f6f741e26e59354e924e5103db3edbb,5
0002502d,per_cyl_knock_flag_update_cyl_a,undefined,"",unknown,f735e1010db38628b5e29cedc52e5b03d70015e04247c6646514caad60cbace3,14
00025057,tcu_slip_duty_gain_condition_check,ushort,"",unknown,671fa736f5ba8fc25b105d56802d305707686819efc2ccb805e7a45e219e6b90,12
0002507a,per_cyl_knock_flag_update_cyl_b,undefined,"",unknown,5db61d91a1f919fc1e018e37952f7a3f765a9de5336d0632fbbc4524c65dbef8,16
000250ac,f3a4_bit12_13_update_and_check,undefined,"",unknown,cab48a570f0af79bd260cc266fcb38cc143fe9a983927d85bb7dc83e143c9219,26
000250fb,f3a4_bit10_update_dispatch,undefined,"",unknown,14036f5f840a286b08964ac7ee65b91809d14b6e5adc01abc4f1c7d2a8173515,7
0002510f,f0ec_bit1_threshold_gate_check,ushort,"",unknown,26fe0e3f0c01ed87acab1d86832c76e63a423a2d73351582d4c671be82e13bf6,15
0002513a,f3ba_f3bc_f3a4_hysteresis_update,void,"",unknown,ca0b5728e08d995eae160501917d7cbe4c0e5c4898a4172db04795d946bce242,30
0002519e,f3a4_bit8_hysteresis_update,void,"",unknown,a1f7eef86dcf1d403bc06b1a7929ee8e542f4b31c29b319de70dd88bc05e2c61,12
000251c4,knock_event_counter_update_eec6,undefined,"",unknown,a28ac41a6424c68f6cec26d9b32417e6e7e2d57ffa54f1843e711e52b8198118,41
0002523e,f3a4_bit6_gate_condition_check,undefined,"",unknown,9308b94d4d4f115f994e78de6075c8a9de451408c21c586167a1a34ef7d316e6,19
00025277,knock_counter_condition_override_eec6,void,"",unknown,bdde781e5b076455fca261491a24a5486deef39ffb101c8ec2f4c3a0a18a3750,29
000252d3,octane_level_compute_from_knock_counter,undefined,"",unknown,08c4c5dd536aa5fcb0f2685965b645934f63fd8295be9bd3ea13df58c89a2ca3,14
000252f9,efc2_threshold_update,undefined,"",unknown,0fed5a2f2da2367f242c05a19e35e4bee553d2717f9f0118b580c8924a3ded39,15
0002532a,f33e_multi_bit_update_dispatch,undefined,"",unknown,3015b83d8bae6fd65fbe4fec4ffacac1b9cf9c4479fb237a30aa90e7bc195a52,6
00025340,f33e_bit2_update_dispatch,undefined,"",unknown,9ab02a1bdd8d04cf9faaa670e756395c17c0c77b61c7b3bc489cf8537bbe0e06,18
00025378,f33e_bit2_source_condition_check,ushort,"",unknown,40cd95909f98bd1da45048249e4b856f7b9e854320d6b537dd2ca71271ca595b,34
000253e1,f37a_correction_calc_from_f33e_bit2_or_f378,undefined,"",unknown,ff9d16ef0fac920b5398c1e4f8dcbc7742199687952025747678571557075a5f,42
00025464,f33e_bit3_update_dispatch,undefined,"",unknown,ce65010f7cb225fe2342192dfa85bd5e5be6ce6328cd34e9f84f44f1fc597396,9
0002547e,f33e_bit5_update_and_condition_check,undefined,"",unknown,6a8fdd41c94100bef195634a1cb1a282e9ba9363dd91dc346acba301d271c61c,28
000254d7,f33e_bit12_clear,void,"",unknown,c7afe0bb30a7e10c3781145f331bf5fe42c8075ca0d03e122a5c5b1abf88ab39,2
000254dd,f33e_bit11_bit10_hysteresis_gate_check,undefined,"",unknown,c8b28e75790e3180cd207a777e7970f415bc9f613c718c773a9969fb86b51738,33
00025544,f20e_bit15_update_dispatch,undefined,"",unknown,5234f2383830a9f911c40adb5c9bf82663c4efa36561cb17e9b28b6d3defe79e,9
0002555e,f20e_bit15_source_condition_check,ushort,"",unknown,8671198773aa510998b592c52f648fb652885e4a42b5156e35c900003a2a5d3f,31
000255c0,f33e_bit4_update_dispatch,undefined,"",unknown,14036f5f840a286b08964ac7ee65b91809d14b6e5adc01abc4f1c7d2a8173515,7
000255d4,f33e_bit1_hysteresis_gate_check,ushort,"",unknown,26b5af4bd569f8c493fc75c4bddd9642a01a8dbfd5a5ebdd653358e7f02b7756,24
0002561d,f33e_bit13_bit11_clear,undefined,"",unknown,78a3aa2485749f688806086c0dc319674774cbe93e204230afb24cfc13328871,4
0002562b,isc_f342_composite_correction_calc,undefined,"",unknown,8ebeefcb6af6eb3f19731d6910b337bb8defe88ee0faefad4a1b27cb656c7aed,82
0002571a,isc_f344_correction_calc,undefined,"",unknown,9d666b0bf90826e8507a86caef6ce8e3c47dc271632a2558b8f4b8ba259cd814,15
00025742,isc_f34e_f34a_correction_calc,undefined,"",unknown,cfc084666e85d46e05d579a43bb0e94a46d8cb34db7d9a9d91bff5e8a3050719,97
0002586f,isc_f35e_correction_calc,undefined,"",unknown,ea60ee90e584fd01dedb7ab6f399d0db23f13dfcbd22309f681c2e7232db7582,30
000258c4,select_value_f194_f196,ushort,"",unknown,07a903b5e301ef0432a850310a532274e347671277a01db996df162d19791db8,13
000258e8,isc_f34c_correction_calc,undefined,"",unknown,292fe2c2b527d6e8add2d0ba926b1c2e70bf3c7fa0d279f4ae72f98868c642eb,81
000259df,isc_f4d6_gated_offset_calc,undefined,"",unknown,2164b19894c22eaba1b7e1a254583b49b8850eefd221b9eef2cd94912ea6b841,27
00025a25,isc_f4d6_gate_condition_check,undefined,"",unknown,dbda34ff88e280686dd3bb67d17572d1e5b46e9ed19a728e9efcd89dae226fa4,17
00025a59,isc_f36a_f36c_target_calc,undefined,"",unknown,1e5d11c072e6fb2e723a39b836b5e0541e360ba4f4ebfba8c4d88a206b14c6a6,48
00025aef,isc_f37c_ramp_target_calc,undefined,"",unknown,eb42569b4fffb48aa6f832b46aa46a8b06d30aedaa74ba429ccddf56ae93701d,85
00025bfd,isc_f352_table_lookup,undefined,"",unknown,ea137860590269269edfe740d8b49ceaebb558df35f63919124503610c56b3e0,7
00025c15,isc_f354_table_lookup_conditional,ushort,"",__stdcall,4dedc39d3923b232f4731121e3a0b5e0cafd4a0afe8e769eba9746c6e8510387,17
00025c48,isc_f356_correction_calc,undefined,"",unknown,fd01c7c83c1b49e40d5e5887093b59dbc7762245a8407cc446125a6a5bbcf644,62
00025cff,f33e_bit15_hysteresis_update,ushort,"",unknown,59938827d29e58d9e7f1c333f2f5cf7b95fd1e0113b7a4cbb153e8d8cf9d33db,13
00025d27,isc_f358_correction_calc,undefined,"",unknown,73ffbd60cad759d72719dd26df23688eb0df0c01348bbccc57a3afa8356c483b,89
00025e1b,isc_f35a_correction_calc,undefined,"",unknown,2802be480b4518088e8682271d3494d8c02faff582c2e1b8fe03e63b9d91a9e8,38
00025e8b,isc_f374_correction_calc,undefined,"",unknown,207e3ac330faf608fb495824aebccb810ceccfbfa668a28a6027bbf83c399338,62
00025f45,isc_f36e_f370_target_calc,undefined,"",unknown,297aadfc2639558130a333d4099178596526594d304899ae8b25af43550543b4,52
00025fee,isc_f350_correction_calc,undefined,"",unknown,59ce2ddcd3d2a155f347667653c8e35b7e8e96d117f049c7b42583ad2d28546d,15
0002601a,isc_f3b2_select,undefined,"",unknown,9ac9f603b71f52ac66771e47e79d8beaab04a676203fc0d4ddb75286783477a2,9
00026034,isc_f380_f37e_correction_calc,void,"",__stdcall,92bf7adf39926b1a3ad58d9bce4efad0f0e6f92359bd436ae9aea6fdf74a7626,45
000260b6,isc_f360_f362_correction_calc,undefined,"",unknown,742847289c8b509e5ff5d104de016a6e382f6616a0af993ee98702eb825a9a7b,15
00026100,isc_stepper_position_reinit,undefined,"",unknown,719131b166063e425372af57348f03bf1d1b1d8f7c7a35a792fcee0f1b8df258,10
00026124,isc_stepper_mode_reinit_dispatch,undefined,"",unknown,cd5f30d1426f24c9879b135ff35e24501c65d6803d9603d2bde8a1a509b3e5d8,26
00026182,isc_stepper_position_dispatch,undefined,"",unknown,187544c54819cafb06822454c458764deefe62269e475877454dff4373419ec2,25
000261da,isc_periodic_update_dispatch,undefined,"",unknown,ae2a360a772fafd62b8d7e7af32176f9f09a03cd9e51188c32c76b2c0d21a092,19
00026224,isc_f436_source_select_and_reset,undefined,"",unknown,30261e5d8401fb39253fb5abc015a6cd26fbe15c9762afe78e146331d6c3d8c7,13
00026251,isc_f416_f438_reset_on_f20e_bit4,undefined,"",unknown,51f36ed0b1b78bdc3e301a606745c2f4d5ec3badabe26604bf5bd6c965737cd6,9
00026271,f3fa_f3fe_target_select_by_f0f8_bit5,void,"",unknown,156dcdd9d03f2b31443fdc6e695300ee3449c98d380680b0dbfedf6af742473d,13
0002629b,idle_target_rpm_compute_f400,undefined,"",unknown,794b206e5e6239593768cdc8beaa33596a0c3f2d237b07eb24ed65100e022d44,58
0002634d,isc_f41a_correction_calc,undefined,"",unknown,4b011210d239b3690e1894f8c595931d47c8c19a403de8c975ee4bf89ac436b1,76
00026436,f3f0_f42e_correction_calc,undefined,"",unknown,efec80ab2fdbe23189feb85743d0324a99b99f1f6ba8854eb1c5574ba0eaea30,93
0002655d,isc_f426_f03a_decay_calc,undefined,"",unknown,2bf97d7c637dbcee7aea4343e60f7bfa44f60a3e4ffb0dbb2417c9322b503208,32
000265c9,f4de_f4e2_octane_correction_calc,undefined,"",unknown,8f460fe7a9f23f24d8012ac8a1bb0295f3dab767d0ae2c48459249b04eb87d7d,91
000266e2,multi_channel_update_max_dispatch,undefined,"",unknown,a51d5368add28dda56b2f585da04a41062938ee86937c62cdaedd2047d0abc20,156
000268b3,update_max,void,"undefined2 undefined2",__stdcall_far,8b7b676af2f022d3bd7c63fa2424f1b0dc46a179ae8f6532a6beba6c0041f3fe,7
000268c4,calc_f40e_threshold_select,void,"",unknown,2cd52990d30901030a462df8a40cf508de9b929d97f87dd47303654100be7a47,10
000268e2,idle_stepper_table_lookup_wrapper,undefined,"",unknown,f86340e3d664d17bfe552a325230cf5fb0e9937e19b8de35abba2f65726d5239,16
00026914,isc_f036_f424_ramp_calc,undefined,"",unknown,96faafdc8251dca481b04d8a8960947aeba0aa39245f1bb4b42744557fc23f05,25
00026966,isc_f416_f438_dispatch,undefined,"",unknown,3015b83d8bae6fd65fbe4fec4ffacac1b9cf9c4479fb237a30aa90e7bc195a52,6
0002697c,f3f0_bit6_clear,void,"",unknown,c7afe0bb30a7e10c3781145f331bf5fe42c8075ca0d03e122a5c5b1abf88ab39,2
00026982,f3f0_bit13_14_15_hysteresis_gate_check,undefined,"",unknown,c667ed5d4823c994ae764d5c01e913a0084c2cffffd9c58b25d4eb235e0f85ad,43
00026a09,isc_f416_f438_correction_calc,undefined,"",unknown,4dfe0586cb3db094f205d566befb64e1a4febeb0420a1936e27c11f82e56c9cd,31
00026a63,f0f8_bit_based_constant_select,ushort,"",unknown,3331aecfba80daa1d07408ef9241ff05291fd588463ea827bbb29c0101f0b1b0,20
00026a99,f3f4_bit7_update_dispatch,undefined,"",unknown,14036f5f840a286b08964ac7ee65b91809d14b6e5adc01abc4f1c7d2a8173515,7
00026aad,efc8_zero_condition_check,uchar,"",unknown,59d60d7c1e64f929eae9b682f719b01c19ec7636ff9753b097ff34c1080d1c18,14
00026ad8,isc_f438_correction_calc,undefined,"",unknown,b8b2e0fcad8da289b8b41551e6185b24a125568fc2984081bfbff693c96a3d21,58
00026b8b,stub_empty_0x26b8b,undefined,"",unknown,5c697bef04875c046830fdbe33a67873eac27f3e12c45c2ed89e3613cec580bc,1
00026b8d,isc_f428_condition_calc,void,"",unknown,260fe2021b46a509e8664b5831e22d40458eddbd24c6558ccc7d5130a37bd1b6,18
00026bc7,isc_f422_correction_calc,undefined,"",unknown,bd06742a6bdd21a588707c787a31c7dfb1e8f3af54c506614f55e8f5878e538c,33
00026c2e,isc_f3f2_bit6_hysteresis_gate_check,ushort,"",unknown,e19ec72c9e863b1bba4918285bda681d1ba5c93623c5614aa2d856374281b43e,39
00026ca4,isc_f084_f3f0_bit8_update,void,"",unknown,aee486b43c8b0dfaf923c9097e1ccdd49ae19ef4ae9dbcfad30e6f847a516774,25
00026cf0,isc_f42a_table_lookup,undefined,"",unknown,d1e41a885b157d3d080a484452f4fe7f1724e1fb44a2bccb2bb56a3bbf2b3bba,29
00026d4d,isc_f42c_correction_calc,undefined,"",unknown,3c72d2ec463f2a2fe6d5c464ef2da305fb348541c78c755d9e236082f134767a,18
00026d86,isc_f3f0_bit2_hysteresis_gate_check,ushort,"",unknown,57d459f4204953a6c7b70b5d8f46d2cd1aa908854fb6efe1518c566eea3932bf,35
00026dfa,f490_bits01_or_default_select,ushort,"",unknown,8625961203307adc79c68c827f5b108c64fd5b91e0f145352219fc5acbbd55b5,6
00026e0e,isc_f3f0_bit3_and_f434_update,void,"",unknown,79aa636744338c0a15c18e5b1e081effeff3753f2c6aecb5e2e874dc184862c1,35
00026e76,stub_empty_0x26e76,undefined,"",unknown,5c697bef04875c046830fdbe33a67873eac27f3e12c45c2ed89e3613cec580bc,1
00026e78,isc_stepper_state_dispatch,undefined,"",unknown,b8c5c52bd42d9a81ad381bd9a51bda11fb3f58c86721ff65eaa1057de3e887d1,49
00026f12,isc_stepper_position_reached_check,undefined,"",unknown,98d88c4ac83bb3d88fdad8b13f467ad63e68fa661bb7b44f614086accddf720d,30
00026f67,isc_stepper_state_reinit_and_target_select,undefined,"",unknown,a69ee3e2c1df7023e2932ae645b51ba5f342ec47b1876bc3a6232a5663c02ab0,7
00026f82,isc_stepper_output_state_machine_eed4,undefined,"",unknown,c1eb541f17a2136c40fa0079cfc0f13cd8defd6bb59db877cee4d1da7f10ce8e,57
00027032,f3f0_target_state_reset_and_reload,undefined,"",unknown,9d9aa476c0056155cdb95b2a290f3941ed1c87302576baa3c6381a857de7e960,13
0002705b,isc_stepper_mode_state_reload_b,undefined,"",unknown,a49909b749bfbbc4d50f8f0c891dd64b22245346b3dcb516ed0cb0cba51bdf38,28
000270b5,isc_stepper_mode_state_reload_c,undefined,"",unknown,0430124c62a25e85d4edcdbd53801318dfe028868e08515d9cf0a0a44501eb10,11
000270db,isc_stepper_mode_state_reload_d,undefined,"",unknown,82ed427622a5125b56c828825b49f2fa9621c51cf7daddfc24fc8665aa14f80d,15
0002710d,isc_efd0_gate_condition_check,uchar,"",unknown,f33a37aa4fddfce6ffb8aaee75dd4a391c00ac329f62ecb96a16398e43e8292c,22
00027152,isc_f408_f406_stepper_target_calc,undefined,"",unknown,5228f5c42f94b313a421733e6e760a844bdf43b27c1ce5fffed3c9573e2bcb43,23
00027198,isc_stepper_target_dispatch,undefined,"",unknown,f66671178a0cf9315a7e9fe535ca96a7ee68292f29eadb3042b68789c834f70c,30
000271f8,f3f0_bit0_update,ushort,"",unknown,95f7fa122d9610a8ceba135dae9cbefcd9f0eb3754391e0f43274421ae841b7a,10
0002721a,f3f4_bit0_update_and_check,ushort,"",unknown,ed6be1017cfbd9dd343c4b2fa7be28f801c72aaca06f44873865ad5880604ead,18
0002724f,isc_stepper_trim_dispatch,undefined,"",unknown,c2832402ce29c06beae47fda6be32dd4cecd2a5b9ee386b3634becb4b64ab581,4
0002725d,isc_f402_stepper_target_calc,undefined,"",unknown,5ef4ad266cd4bf017ef35bd0dbe804775b2aca8448b6cb4a4fb4ca76b2279702,11
00027281,f414_trim_calc_gated_by_f0f8_f3f0,undefined,"",unknown,c4894f71da57c661c28bf1b81707c9f5561ee9433a318dab7fbb4359b5c6d32b,22
000272c6,isc_f408_correction_calc,undefined,"",unknown,581e7bb5f855df101d2c1c071d29fd398ad916cfb36e79c00d4d940eb95e98f7,70
0002739e,f0f8_bit5_constant_select,ushort,"",unknown,4090bb96b017389e8779acb7c56a117fc1cac4552a5e26421d7b29ff1952f0dd,10
000273b8,isc_stepper_target_clamp_calc,undefined,"",unknown,5a43e3a9b9744adf23cfdfa5a1013bc6b0f5f8a6d78067195ce2572f8810e520,34
00027416,isc_f408_from_f402_dispatch,undefined,"",unknown,5d825e6e44e0689353c2da93912c356e31b2d655f376f4d0ffc60c0d90de8cb1,5
00027428,isc_efd4_gate_condition_check,ushort,"",unknown,ff89a359b25f73599c8b6f281ba437b6e4e0bb76f6b20495b5e466dbb54c6ee4,21
00027465,isc_stepper_correction_dispatch_b,undefined,"",unknown,3015b83d8bae6fd65fbe4fec4ffacac1b9cf9c4479fb237a30aa90e7bc195a52,6
0002747b,isc_f402_composite_correction_calc,undefined,"",unknown,df9eff6053d9468c19fce9e0509e5c8d9240f8a6be1e6af96634be2666f6940e,96
00027597,isc_f41c_table_lookup,undefined,"",unknown,c050c146eee2d5dc26f204c089014d72c6755ec561e9def2abdd80bbdfa1cbb8,13
000275c2,isc_f41e_table_lookup,undefined,"",unknown,7bee4f66f774279ae1789e8d6339a7a919295dcd8be76af49b18140daa446b5c,44
00027644,f3f4_bit2_3_4_hysteresis_gate_check,undefined,"",unknown,66054fc2c7f1bdf49699937fa8570bfc1d47432372e379b02c2e5b1fb36dd0de,45
000276d3,f0f8_gated_constant_select_f3f4_neighbor,undefined,"",unknown,fdea5c201bfe12a3d65111e0aca59f5c3b305f4c02d92f2f9239ebb3e7c7162e,15
000276fb,isc_f420_correction_calc,undefined,"",unknown,ecbcd76b98e7fc1508b9af1278990444c1aba6f5b0980b3719fd361686232a45,50
00027792,f216_bit6_constant_select,ushort,"",unknown,5a796aae49d4e4f7cc7259c4fcf3b750f307210c245c4a54f63d4b0d1ed7ab00,15
000277b8,isc_f42e_or_default_select,ushort,"",unknown,a9c1208f73933bf7756fef19a2887d0d81c69f8106a5e15496edc24ad6bb64e2,15
000277de,isc_f038_constant_select,ushort,"",unknown,c21af3e6cc18112857b600d8a92083b7325d418730fc15dc4781eb1effa54979,27
0002782a,f0f8_bit9_constant_or_calc_select,undefined,"",unknown,ce266adae54f96d5f0078055b18b169381c0029627404b7ddb8c96a0508ac721,18
0002785a,f490_bits01_constant_select,ushort,"",unknown,1793022216ec3d04966a4a0468aba340b5308e5328299e21626fc590e5c433ba,26
000278a4,f3f0_bit8_constant_select,ushort,"",unknown,5a796aae49d4e4f7cc7259c4fcf3b750f307210c245c4a54f63d4b0d1ed7ab00,15
000278ca,f0f8_masked_constant_select,ushort,"",unknown,5e640ba2065b004ba3f60c1e32061bdb7f5548eda32214b1051e2b2c7906bb2c,14
000278ef,isc_f416_f3f0_bit5_gate_check,undefined,"",unknown,94b544ff92c32872fca5459e193621de0a609063775a91ee5cc4bba745b0c268,25
00027933,isc_f3fa_f3fe_dispatch,undefined,"",unknown,b0a2985f7aabfba9be459b321871c972b8b434703414cab7c491c3983d595c64,12
00027959,isc_f406_ramp_gate_condition_check,undefined,"",unknown,eeb172a25a7b41c790b19c0de8b2b28d92e3e79d3a8e7671628923d931db0312,19
00027990,isc_f3fa_f3fc_f3fe_correction_calc,undefined,"",unknown,05fe08e4d68e231ad48b4bf1011dee13cafa1b37d444fccf9927ec2151ee4350,33
000279f1,select_const_by_flags_eeca,ushort,"",unknown,b8655d2da2f2ef7912018b9618d651ac37a054de5c69d7485c4f12281f8987bc,17
00027a20,isc_eeca_update_dispatch,undefined,"",unknown,36f4e9f986d6141212c6a02742b75ad930abd5ee1f8a61dcc784ede422528acb,5
00027a2e,isc_eeca_update_gate_condition_check,undefined,"",unknown,bf0e9e59e86c389b0a770f67121c8aff5819f3ae6d07a57cf881a35206c4b92a,30
00027a81,isc_eeca_eecc_eece_correction_calc,undefined,"",unknown,cb4e71d6110419167a70738d35156b9b43dd991778806a2538db012ab72904be,59
00027b2b,isc_f408_composite_dispatch,undefined,"",unknown,8d77d4e30d3ec62f3d88c2ba0ef49e2f697ef35d05db29135a3171b1035041da,22
00027b6e,isc_f3fa_f3fc_f3fe_select,ushort,"",unknown,b8655d2da2f2ef7912018b9618d651ac37a054de5c69d7485c4f12281f8987bc,17
00027b9d,isc_f406_clamp_dispatch,undefined,"",unknown,cb6be22d26378cea1dab87f4e8e8657821041c9989ec7bfb61e5463c1bb662b2,13
00027bc6,isc_table_read_byte_clamped_2eca,undefined,"",unknown,e8eee69def6ccbf852c8ff739ed2a1fbc937aea789b815759baa3d97ea1ee403,15
00027beb,isc_f412_f082_stall_timer_calc,undefined,"",unknown,e051c25e16798e6bb041e362f63d7620ecd83c00ac1bc269ac0589de85456c31,42
00027c6d,mirror_f406_f408_to_f40a_f40c,undefined,"",unknown,3f5e6261687cab194e88aacf51566f03a35147e028e56f277bb2e8066ba21d16,5
00027c80,startup_phase_reset_wrapper,undefined,"",unknown,13751a54af2180736e01dc2f4e4502224f8c885916e62d1abe0e26413c6f083a,2
00027c86,warmup_state_f594_f0e6_init,void,"",unknown,e4eeda4051aa975218675bf2ece09d66ff13c0cb2326e94448e788a5547ef412,5
00027c99,engine_warmup_periodic_dispatch,undefined,"",unknown,08051f3ac8797407d38dbb64f44a30126b6185f723c019d8767c235f942abffe,8
00027cb7,startup_phase_reset_eed6_cluster,undefined,"",unknown,5c67719c6793b027d79d9660220ec86bc9a101cd6fb3442a2fe24de9cb1fa298,37
00027d33,eeea_bit0_update_on_efa2,void,"",unknown,432b8c8b45f48a12e316afea5c3e33453d9fbf71d724b50e67dc5e888e7da940,11
00027d55,knock_sensor_diagnostic_update,undefined,"",unknown,07e9af38148a889f407a8a53441ab05e8130587d4fc430cd503418c5d5ad0bbf,62
00027e1a,f516_request_latch_f09a_calib_select,undefined,"",unknown,afd304ffe45b6b3bca8b552d41690c5256813089b48317e4900d7d5bf29eaa81,36
00027e92,engine_warmup_dispatch_b,undefined,"",unknown,0191bec84282bf6e489d8861e54d015c74ab699220e393a4cd0b39b8cbbaffc3,3
00027e9c,f502_state_table_dispatch,undefined,"",unknown,3cdaecbd9b47511c311b9fc7a147068ba8c239b32a97ae4fe23fa23c37e08299,81
00027f60,f502_state_index_update,void,"undefined2 ushort",__stdcall_far,a2dfabe33c7360a2f559321ebe3ea4f2520d6a71a8d8d2be1b0f04c123fd4c59,29
00027fb1,f17a_load_zone_and_ef96_f1d8_check,undefined,"",unknown,3cc8b0d8af6188808bffb8d149dd7547a7a154ca45c5357193085d78d81aec42,20
0002800a,phase_dispatch_efa2_f500_f5ee_gate_check,undefined,"",unknown,9e98c8f613e10d89996e5c484c1ae5e90a03112143e44e2adc82fe452be923f7,18
00028082,f17a_f13c_load_zone_and_f514_gate_check,undefined,"",unknown,3d004dfc53fe1114d2287d9ca0f3776af77260af2e7f43741dee9f48bd3389dc,21
00028279,eee4_eeda_bit6_update_from_f0f8_bit12,undefined,"",unknown,1817ff539641c783459aad2b796193bffdc28779f194876e75ef28977dcb8052,25
000282c1,eee0_eeee_diag_flags_reset_dispatch,undefined,"",unknown,d0ded1db8b9beb3af516529cb09d80675442ccd393c97d34d0a69b80e0308fcc,111
00028413,startup_phase_reset_eed6_eefa_bulk,undefined,"",unknown,53d58cfffae611f1dec5534746ed3ef98368f0c1e2c200047bf3a22a0553cbca,39
000284a3,knock_octane_f0e6_bit3_gate_dispatch,undefined,"",unknown,c4150ce0f107974c5e28c98f59dc4c5d2cdd604b56a7b0f8b3ca5fc2deb787fb,60
00028557,knock_octane_pattern_match_state_machine,uchar,"",unknown,72cf43ad8d991aae15f90817ea6e427e2a59b7e7ce916c7bef6dae1fa8955514,128
00028700,f516_hibits_f520_f0f2_mode_select,void,"",unknown,2ae1c842652326784b0ecb436969b1f4f3984a91d1bc5d28250f0930a977756b,60
000287af,sci1_protocol_state_machine,undefined,"",unknown,22d46863c1c64998f25f29ba9deaf2e609cccdb128fa89e0bada63e5de0a8d45,40
0002882b,sci1_dispatch_and_latch_response,undefined,"",unknown,f81f4294d91c54a4fc9cb8be272e33737897554a848ba41cd04922f757879281,20
00028869,sci1_meta_cmd_dispatch_c0_ff,undefined,"",unknown,2c7bebc29e1d52ea6f487e4e5b8e42021de80c85aa540daf59eff2783bdde6b6,202
00028acf,f00e_f520_f526_gate_condition_check,ushort,"",unknown,7eb9eca8c9c351a925b258cda2bf9db45323545378c589b29eb9ac7f4aee93ff,25
00028b1b,f510_f512_f00e_f514_reset,undefined,"",unknown,40e5cc0398538a53946da4ef941e7227ed77026b307cf8af3f8b474f436f149f,5
00028b2f,sci1_periodic_phase_dispatch_f526,undefined,"",unknown,4cb4bc99017fec98092f5267656814cd20e1f3bc862a65ceddc588f1143c0fb0,11
00028b62,f588_duty_gate_f516_bit11_set,undefined,"",unknown,ac17c669b4c07f6a81775536b6fa509c3184db8141d56e30b93c9a0e3547495c,11
00028b89,phase_cases_1to6_f516_hibit_f54a_writer,undefined,"",unknown,0c642887e31eee50d62442207e7b72a4b1dfd9156b59fbe5eb2bafa887b9986d,90
00028cc8,phase_case7_f590_gate_advance_or_latch,undefined,"",unknown,bd6465f5dd1790a5a436e428d008977bd1c6dd02b5fc0a22836b92ce68063574,25
00028d23,f526_state_reset_dispatch,undefined,"",unknown,b2144848a0debf46e0ac4861acc8a77ce3d0b4ddf4cb7a7c979685a2f3a3602c,25
00028d7d,diagnostic_snapshot_f54a_f566_build,undefined,"",unknown,d787e68e73a13413138643bcea1b7999fdee5c4c5795a2dd819cdf81444506da,82
00028f00,isc_f35c_correction_calc,undefined,"",unknown,7cfd8b3c542c58b7ef4ba3ffb815efac1322762407e00e546af1fa97f38c708c,6
00028f13,f430_clear,ushort,"",unknown,436af931f59fd74371007e6607e9453dc3fc07f02e4f3924001f28fcc5faf14f,3
00028f1b,f432_clear,ushort,"",unknown,436af931f59fd74371007e6607e9453dc3fc07f02e4f3924001f28fcc5faf14f,3
00028f80,stub_empty_0x28f80,undefined,"",unknown,5c697bef04875c046830fdbe33a67873eac27f3e12c45c2ed89e3613cec580bc,1
00028f82,o2_wideband_state_cold_init,void,"",unknown,b6fdc09756bd24d5ab19dd61b009b9d8bb1c8c7ba6b86a8dabf23748b167e988,13
00028fbc,o2_wideband_state_warm_init,void,"",unknown,492df0e8ff4b7b8f139b00b5187ea4b9d115d99ad298e0a877c718a37c6a962b,18
00028fff,tcu_shift_torque_and_knock_mgmt,undefined,"",unknown,0c265c5ff13e76d5e5d53d6f97b987b5ee59be4fd857a85ba274fb6a086f8d2c,1003
00029c33,tcu_f384_f388_hysteresis_gate_check,undefined,"",unknown,7b4722c3d87ed3c729e51b187e788eb8b1610a84d70f225c24d217df1f56a9e1,22
00029c68,tcu_shift_state_reset,undefined,"",unknown,6f99befaf81efbf9d15a5010184dcc89f9615f074b714b1756ac43bc89160f64,15
00029c9f,tcu_torque_state_reset,undefined,"",unknown,6f9f523911db5625e798d0d031ab99d380fa452760946a403ec93814e6e64dd1,9
00029cc7,tcu_shift_timing_state_machine,undefined,"",unknown,ff8c0ce24a990f048366579b9ac56bc1d1b444a9136eb32c6c129233759a96df,202
00029f40,tcu_shift_timer_reset,undefined,"",unknown,a1164a8f9175c66d8fef4ef44f26210674fcc31d13554f6b802885f8531df1dc,7
00029f57,tcu_shift_timer_arm,undefined,"",unknown,351212022b1d96f416c037e85217b6910fdcb07542b2af9a96f6a602219aa3db,17
00029f8b,tcu_f382_correction_calc,undefined,"",unknown,b5ec74666753e6fc6bac3d6443653287c4ebf31133f5230c5bfdfd4e3184c9b4,16
00029fba,fuel_pw_and_airvol_compute,undefined,"",unknown,0b320bd94222dd5e9d69958340f4738b8b0c95cd33bf6f478f7c211e4826dfc3,663
0002a796,tcu_periodic_timer_update,void,"",unknown,65bca6e414e3e302f8b37bc560ec5f36d84e35dc3b946c54fe3f2f30db9c6794,31
0002a7f7,f2cc_offset_accumulate,undefined,"",unknown,afc4bd6af6f72d7e86ba2d9a0b3e7128bb229cced5652e527f5850011ed5d1f6,27
0002a83b,channel_enable_mask_build_and_dispatch_ff2x_ff3x,undefined,"",unknown,c0973cde807e57622a31788d5189b9358a3098760c2099579952fda3d9ef1bdb,26
0002a882,diag_status_f200_f50e_update,undefined,"",unknown,4910d3b705019e2b96a2b1a92e4d2db15248eeee25e57a60b8fe4413908ab006,25
0002a8cf,stub_empty_0x2a8cf,undefined,"",unknown,5c697bef04875c046830fdbe33a67873eac27f3e12c45c2ed89e3613cec580bc,1
0002a8d1,stub_empty_0x2a8d1,undefined,"",unknown,5c697bef04875c046830fdbe33a67873eac27f3e12c45c2ed89e3613cec580bc,1
0002a8d3,sci3_rx_process_tcu_byte,undefined,"",unknown,ca264a5d897bc3201f15602d7bca90956e11da647cf64d6040f7d52fddcfa82e,32
0002a980,tcu_gear_ratio_state_init,void,"",unknown,38931cb9dfa2ee4e674abf844dcba72fa210d9cab6f36157fc1709bdbf017996,6
0002a997,throttle_idle_state_cold_init,undefined,"",unknown,d2b94e151e022c2ab389ff5a30061dcf9e4e2fa2bbcce5964b64822a0b4132a5,39
0002aa36,tcu_rx_main_scheduler,undefined,"",unknown,3f1eb08c8a6c4455d26d6d6643121f6935a8b6c35ecd3bdacae832c6c1685ed4,1127
0002b880,tcu_gear_shift_history_reset,undefined,"",unknown,a234003857bb316e13a0a59e912510ad5f352688009775363648768fed188c7b,16
0002b8ca,tcu_diagnostic_state_cold_init,undefined,"",unknown,c007ae24d74831ebeb927ed8abeabea0ef609438ef312ddf1def14feff82c1f1,60
0002b9a5,tcu_shift_flags_dispatch,undefined,"",unknown,a0a797ff3f4953536fea492988285adcb25193a2b0e0a85834bef917a725108a,22
0002b9f4,tcu_shift_solenoid_table_init,undefined,"",unknown,76e2fd7dd5fe78d1852c4a5d51069176b129b1d0e4d072b5639a2366d3266c51,130
0002bbbb,tcu_shift_timer_scale_init,undefined,"",unknown,4224187f9c0955b2c92898f4183896d2f29936477335476719b29c8f14e61d8c,27
0002bc0f,tcu_dtc_status_check_dispatch,void,"",__stdcall,eaf513876492c7eec35c099df6b3196d41993d9c542c5ba19828e42add490fa6,132
0002bdb3,update_max_f04e,void,"undefined2 undefined2",__stdcall_far,cf2a08e6db4377a094f80227d561ffc1482c694c874f3877109e6054385a2e1c,8
0002bdc7,tcu_f050_max_update,void,"undefined2 undefined2",__stdcall_far,cf2a08e6db4377a094f80227d561ffc1482c694c874f3877109e6054385a2e1c,8
0002bddb,tcu_torque_converter_slip_calc_far_trampoline,undefined,"",unknown,13751a54af2180736e01dc2f4e4502224f8c885916e62d1abe0e26413c6f083a,2
0002bde1,tcu_torque_converter_slip_calc,undefined,"",unknown,1d74dc29e2138e651c1be9321e1f3f87cd0004aaefe624b9383388d8d8150574,158
0002bfc9,tiered_threshold_table_select,undefined,"",unknown,524d3efc30dd7dc71402428924a2d421d6532e2423344fd4dba192891343de05,33
0002c028,tcu_shift_quality_index_calc,undefined,"",unknown,8e89d8e604765fdea3d8050a6efdadd119921272ba1b4aca0a09d192c8bf28e9,55
0002c0bd,tcu_shift_pattern_threshold_select,undefined,"",unknown,f63b22e188142b44647f122968af87049b5b919b0e268aee36d826936d9bb361,44
0002c129,stub_empty_0x2c129,undefined,"",unknown,5c697bef04875c046830fdbe33a67873eac27f3e12c45c2ed89e3613cec580bc,1
0002c12b,tcu_periodic_dispatch,undefined,"",unknown,5949c8a71e48ce5f26856c324a5a96a957c634184e3b429b407ebaa286932484,21
0002c16e,tcu_shift_ratio_buffer_update,undefined,"",unknown,5c1bb09b1cd209ebaa9d553135975a3bcec5d181c7b1204d7037fe53684d1ac3,120
0002c2d9,tcu_solenoid_diagnostic_calc,undefined,"",unknown,1729a085ef29111917b78a121989d18a0836925f5911d6372236a3d4a3ddafb9,515
0002c8e9,tcu_shift_buffer_average_calc,undefined,"",unknown,043c4929bcbeefc06a99c40e1d8bf035a1aaf0f47876e7cabb50ec3b469b32aa,113
0002ca68,coldinit_f6c0_f7c8_state_clear_and_intc_flag_read,undefined,"",unknown,15a13f630c8f067a2649dabc05f6ae7cb5f099abce569da905012e4e7d71708b,26
0002cac4,tcu_gear_ratio_calc,undefined,"",unknown,c40b0b1e915b20d3153710b5be49b49cb546483d1f99dc4a4a106b63cdeeea22,271
0002cdf6,tcu_lockup_clutch_state_update,undefined,"",unknown,14156ba4bf0fce2a539c7139a13cdad0b45a367552e19e49a0e3431e45bf03d6,79
